[2025-01-31 11:14:46,410][INFO][m:optional_rerun_wrapper][fn:set_use_rerun][ln:24] - rerun is installed. Using rerun for logging.
[2025-01-31 11:14:47,001][INFO][m:optional_wandb_wrapper][fn:set_use_wandb][ln:111] - wandb functionality is disabled in the config. Not using wandb for logging.
[2025-01-31 11:14:47,005][DEBUG][m:optional_wandb_wrapper][fn:method][ln:139] - Skipping optional wandb call to 'init' because wandb usage is disabled.
[2025-01-31 11:14:47,523][INFO][m:factory][fn:create_model][ln:304] - Loaded ViT-H-14 model config.
[2025-01-31 11:14:56,181][INFO][m:factory][fn:create_model][ln:391] - Loading pretrained ViT-H-14 weights (laion2b_s32b_b79k).
[2025-01-31 11:15:02,530][DEBUG][m:PngImagePlugin][fn:call][ln:198] - STREAM b'IHDR' 16 13
[2025-01-31 11:15:02,530][DEBUG][m:PngImagePlugin][fn:call][ln:198] - STREAM b'IDAT' 41 8192
[2025-01-31 11:15:02,530][DEBUG][m:PngImagePlugin][fn:call][ln:198] - STREAM b'IHDR' 16 13
[2025-01-31 11:15:02,530][DEBUG][m:PngImagePlugin][fn:call][ln:198] - STREAM b'IDAT' 41 8192
[2025-01-31 11:15:02,542][DEBUG][m:Image][fn:close][ln:637] - Error closing: Operation on closed image
[2025-01-31 11:15:04,611][WARNING][m:optional_rerun_wrapper][fn:orr_log_vlm_image][ln:132] - VLM image not found at path: /home/ubuntu/local_data/Replica/office0/exps/s_detections_stride12/vis/frame000000annotated_for_vlm.jpg
[2025-01-31 11:15:04,611][WARNING][m:optional_rerun_wrapper][fn:orr_log_vlm_image][ln:132] - VLM image not found at path: /home/ubuntu/local_data/Replica/office0/exps/s_detections_stride12/vis/frame000000annotated_for_vlm_w_edges.jpg
[2025-01-31 11:15:04,958][DEBUG][m:optional_wandb_wrapper][fn:method][ln:139] - Skipping optional wandb call to 'log' because wandb usage is disabled.
[2025-01-31 11:15:04,983][DEBUG][m:PngImagePlugin][fn:call][ln:198] - STREAM b'IHDR' 16 13
[2025-01-31 11:15:04,983][DEBUG][m:PngImagePlugin][fn:call][ln:198] - STREAM b'IDAT' 41 8192
[2025-01-31 11:15:04,983][DEBUG][m:PngImagePlugin][fn:call][ln:198] - STREAM b'IHDR' 16 13
[2025-01-31 11:15:04,983][DEBUG][m:PngImagePlugin][fn:call][ln:198] - STREAM b'IDAT' 41 8192
[2025-01-31 11:15:04,996][DEBUG][m:Image][fn:close][ln:637] - Error closing: Operation on closed image
[2025-01-31 11:15:06,089][WARNING][m:optional_rerun_wrapper][fn:orr_log_vlm_image][ln:132] - VLM image not found at path: /home/ubuntu/local_data/Replica/office0/exps/s_detections_stride12/vis/frame000010annotated_for_vlm.jpg
[2025-01-31 11:15:06,089][WARNING][m:optional_rerun_wrapper][fn:orr_log_vlm_image][ln:132] - VLM image not found at path: /home/ubuntu/local_data/Replica/office0/exps/s_detections_stride12/vis/frame000010annotated_for_vlm_w_edges.jpg
[2025-01-31 11:15:06,558][DEBUG][m:optional_wandb_wrapper][fn:method][ln:139] - Skipping optional wandb call to 'log' because wandb usage is disabled.
[2025-01-31 11:15:06,586][DEBUG][m:optional_wandb_wrapper][fn:method][ln:139] - Skipping optional wandb call to 'log' because wandb usage is disabled.
[2025-01-31 11:15:06,586][DEBUG][m:optional_wandb_wrapper][fn:method][ln:139] - Skipping optional wandb call to 'log' because wandb usage is disabled.
[2025-01-31 11:15:06,614][DEBUG][m:PngImagePlugin][fn:call][ln:198] - STREAM b'IHDR' 16 13
[2025-01-31 11:15:06,614][DEBUG][m:PngImagePlugin][fn:call][ln:198] - STREAM b'IDAT' 41 8192
[2025-01-31 11:15:06,614][DEBUG][m:PngImagePlugin][fn:call][ln:198] - STREAM b'IHDR' 16 13
[2025-01-31 11:15:06,614][DEBUG][m:PngImagePlugin][fn:call][ln:198] - STREAM b'IDAT' 41 8192
[2025-01-31 11:15:06,629][DEBUG][m:Image][fn:close][ln:637] - Error closing: Operation on closed image
[2025-01-31 11:15:07,822][WARNING][m:optional_rerun_wrapper][fn:orr_log_vlm_image][ln:132] - VLM image not found at path: /home/ubuntu/local_data/Replica/office0/exps/s_detections_stride12/vis/frame000020annotated_for_vlm.jpg
[2025-01-31 11:15:07,822][WARNING][m:optional_rerun_wrapper][fn:orr_log_vlm_image][ln:132] - VLM image not found at path: /home/ubuntu/local_data/Replica/office0/exps/s_detections_stride12/vis/frame000020annotated_for_vlm_w_edges.jpg
[2025-01-31 11:15:08,311][DEBUG][m:optional_wandb_wrapper][fn:method][ln:139] - Skipping optional wandb call to 'log' because wandb usage is disabled.
[2025-01-31 11:15:08,339][DEBUG][m:optional_wandb_wrapper][fn:method][ln:139] - Skipping optional wandb call to 'log' because wandb usage is disabled.
[2025-01-31 11:15:08,339][DEBUG][m:optional_wandb_wrapper][fn:method][ln:139] - Skipping optional wandb call to 'log' because wandb usage is disabled.
[2025-01-31 11:15:08,366][DEBUG][m:PngImagePlugin][fn:call][ln:198] - STREAM b'IHDR' 16 13
[2025-01-31 11:15:08,366][DEBUG][m:PngImagePlugin][fn:call][ln:198] - STREAM b'IDAT' 41 8192
[2025-01-31 11:15:08,366][DEBUG][m:PngImagePlugin][fn:call][ln:198] - STREAM b'IHDR' 16 13
[2025-01-31 11:15:08,366][DEBUG][m:PngImagePlugin][fn:call][ln:198] - STREAM b'IDAT' 41 8192
[2025-01-31 11:15:08,380][DEBUG][m:Image][fn:close][ln:637] - Error closing: Operation on closed image
[2025-01-31 11:15:09,525][WARNING][m:optional_rerun_wrapper][fn:orr_log_vlm_image][ln:132] - VLM image not found at path: /home/ubuntu/local_data/Replica/office0/exps/s_detections_stride12/vis/frame000030annotated_for_vlm.jpg
[2025-01-31 11:15:09,526][WARNING][m:optional_rerun_wrapper][fn:orr_log_vlm_image][ln:132] - VLM image not found at path: /home/ubuntu/local_data/Replica/office0/exps/s_detections_stride12/vis/frame000030annotated_for_vlm_w_edges.jpg
[2025-01-31 11:15:10,095][DEBUG][m:optional_wandb_wrapper][fn:method][ln:139] - Skipping optional wandb call to 'log' because wandb usage is disabled.
[2025-01-31 11:15:10,122][DEBUG][m:optional_wandb_wrapper][fn:method][ln:139] - Skipping optional wandb call to 'log' because wandb usage is disabled.
[2025-01-31 11:15:10,123][DEBUG][m:optional_wandb_wrapper][fn:method][ln:139] - Skipping optional wandb call to 'log' because wandb usage is disabled.
[2025-01-31 11:15:10,152][DEBUG][m:PngImagePlugin][fn:call][ln:198] - STREAM b'IHDR' 16 13
[2025-01-31 11:15:10,152][DEBUG][m:PngImagePlugin][fn:call][ln:198] - STREAM b'IDAT' 41 8192
[2025-01-31 11:15:10,152][DEBUG][m:PngImagePlugin][fn:call][ln:198] - STREAM b'IHDR' 16 13
[2025-01-31 11:15:10,152][DEBUG][m:PngImagePlugin][fn:call][ln:198] - STREAM b'IDAT' 41 8192
[2025-01-31 11:15:10,166][DEBUG][m:Image][fn:close][ln:637] - Error closing: Operation on closed image
[2025-01-31 11:15:11,510][WARNING][m:optional_rerun_wrapper][fn:orr_log_vlm_image][ln:132] - VLM image not found at path: /home/ubuntu/local_data/Replica/office0/exps/s_detections_stride12/vis/frame000040annotated_for_vlm.jpg
[2025-01-31 11:15:11,510][WARNING][m:optional_rerun_wrapper][fn:orr_log_vlm_image][ln:132] - VLM image not found at path: /home/ubuntu/local_data/Replica/office0/exps/s_detections_stride12/vis/frame000040annotated_for_vlm_w_edges.jpg
[2025-01-31 11:15:12,250][DEBUG][m:optional_wandb_wrapper][fn:method][ln:139] - Skipping optional wandb call to 'log' because wandb usage is disabled.
[2025-01-31 11:15:12,250][DEBUG][m:utils][fn:denoise_objects][ln:663] - Starting denoising with 11 objects
[2025-01-31 11:15:12,278][DEBUG][m:utils][fn:denoise_objects][ln:685] - Finished denoising object 0 out of 11
[2025-01-31 11:15:12,278][DEBUG][m:utils][fn:denoise_objects][ln:690] - before denoising: 2792, after denoising: 2773
[2025-01-31 11:15:12,310][DEBUG][m:utils][fn:denoise_objects][ln:685] - Finished denoising object 1 out of 11
[2025-01-31 11:15:12,310][DEBUG][m:utils][fn:denoise_objects][ln:690] - before denoising: 2989, after denoising: 2953
[2025-01-31 11:15:12,403][DEBUG][m:utils][fn:denoise_objects][ln:685] - Finished denoising object 2 out of 11
[2025-01-31 11:15:12,403][DEBUG][m:utils][fn:denoise_objects][ln:690] - before denoising: 10323, after denoising: 10323
[2025-01-31 11:15:12,461][DEBUG][m:utils][fn:denoise_objects][ln:685] - Finished denoising object 3 out of 11
[2025-01-31 11:15:12,461][DEBUG][m:utils][fn:denoise_objects][ln:690] - before denoising: 5567, after denoising: 5567
[2025-01-31 11:15:12,512][DEBUG][m:utils][fn:denoise_objects][ln:685] - Finished denoising object 4 out of 11
[2025-01-31 11:15:12,512][DEBUG][m:utils][fn:denoise_objects][ln:690] - before denoising: 5231, after denoising: 5231
[2025-01-31 11:15:12,632][DEBUG][m:utils][fn:denoise_objects][ln:685] - Finished denoising object 5 out of 11
[2025-01-31 11:15:12,632][DEBUG][m:utils][fn:denoise_objects][ln:690] - before denoising: 11991, after denoising: 11991
[2025-01-31 11:15:12,690][DEBUG][m:utils][fn:denoise_objects][ln:685] - Finished denoising object 6 out of 11
[2025-01-31 11:15:12,690][DEBUG][m:utils][fn:denoise_objects][ln:690] - before denoising: 5625, after denoising: 5625
[2025-01-31 11:15:12,731][DEBUG][m:utils][fn:denoise_objects][ln:685] - Finished denoising object 7 out of 11
[2025-01-31 11:15:12,731][DEBUG][m:utils][fn:denoise_objects][ln:690] - before denoising: 4356, after denoising: 4345
[2025-01-31 11:15:12,767][DEBUG][m:utils][fn:denoise_objects][ln:685] - Finished denoising object 8 out of 11
[2025-01-31 11:15:12,767][DEBUG][m:utils][fn:denoise_objects][ln:690] - before denoising: 3284, after denoising: 3284
[2025-01-31 11:15:12,805][DEBUG][m:utils][fn:denoise_objects][ln:685] - Finished denoising object 9 out of 11
[2025-01-31 11:15:12,806][DEBUG][m:utils][fn:denoise_objects][ln:690] - before denoising: 3443, after denoising: 3443
[2025-01-31 11:15:12,806][DEBUG][m:utils][fn:denoise_objects][ln:685] - Finished denoising object 10 out of 11
[2025-01-31 11:15:12,806][DEBUG][m:utils][fn:denoise_objects][ln:690] - before denoising: 115, after denoising: 102
[2025-01-31 11:15:12,806][DEBUG][m:utils][fn:denoise_objects][ln:691] - Finished denoising with 11 objects
[2025-01-31 11:15:12,967][DEBUG][m:optional_wandb_wrapper][fn:method][ln:139] - Skipping optional wandb call to 'log' because wandb usage is disabled.
[2025-01-31 11:15:12,967][DEBUG][m:optional_wandb_wrapper][fn:method][ln:139] - Skipping optional wandb call to 'log' because wandb usage is disabled.
[2025-01-31 11:15:12,989][DEBUG][m:PngImagePlugin][fn:call][ln:198] - STREAM b'IHDR' 16 13
[2025-01-31 11:15:12,989][DEBUG][m:PngImagePlugin][fn:call][ln:198] - STREAM b'IDAT' 41 8192
[2025-01-31 11:15:12,989][DEBUG][m:PngImagePlugin][fn:call][ln:198] - STREAM b'IHDR' 16 13
[2025-01-31 11:15:12,989][DEBUG][m:PngImagePlugin][fn:call][ln:198] - STREAM b'IDAT' 41 8192
[2025-01-31 11:15:13,003][DEBUG][m:Image][fn:close][ln:637] - Error closing: Operation on closed image
[2025-01-31 11:15:14,423][WARNING][m:optional_rerun_wrapper][fn:orr_log_vlm_image][ln:132] - VLM image not found at path: /home/ubuntu/local_data/Replica/office0/exps/s_detections_stride12/vis/frame000050annotated_for_vlm.jpg
[2025-01-31 11:15:14,423][WARNING][m:optional_rerun_wrapper][fn:orr_log_vlm_image][ln:132] - VLM image not found at path: /home/ubuntu/local_data/Replica/office0/exps/s_detections_stride12/vis/frame000050annotated_for_vlm_w_edges.jpg
[2025-01-31 11:15:14,983][DEBUG][m:optional_wandb_wrapper][fn:method][ln:139] - Skipping optional wandb call to 'log' because wandb usage is disabled.
[2025-01-31 11:15:15,010][DEBUG][m:optional_wandb_wrapper][fn:method][ln:139] - Skipping optional wandb call to 'log' because wandb usage is disabled.
[2025-01-31 11:15:15,010][DEBUG][m:optional_wandb_wrapper][fn:method][ln:139] - Skipping optional wandb call to 'log' because wandb usage is disabled.
[2025-01-31 11:15:15,038][DEBUG][m:PngImagePlugin][fn:call][ln:198] - STREAM b'IHDR' 16 13
[2025-01-31 11:15:15,039][DEBUG][m:PngImagePlugin][fn:call][ln:198] - STREAM b'IDAT' 41 8192
[2025-01-31 11:15:15,039][DEBUG][m:PngImagePlugin][fn:call][ln:198] - STREAM b'IHDR' 16 13
[2025-01-31 11:15:15,039][DEBUG][m:PngImagePlugin][fn:call][ln:198] - STREAM b'IDAT' 41 8192
[2025-01-31 11:15:15,052][DEBUG][m:Image][fn:close][ln:637] - Error closing: Operation on closed image
[2025-01-31 11:15:16,548][WARNING][m:optional_rerun_wrapper][fn:orr_log_vlm_image][ln:132] - VLM image not found at path: /home/ubuntu/local_data/Replica/office0/exps/s_detections_stride12/vis/frame000060annotated_for_vlm.jpg
[2025-01-31 11:15:16,548][WARNING][m:optional_rerun_wrapper][fn:orr_log_vlm_image][ln:132] - VLM image not found at path: /home/ubuntu/local_data/Replica/office0/exps/s_detections_stride12/vis/frame000060annotated_for_vlm_w_edges.jpg
[2025-01-31 11:15:17,182][DEBUG][m:optional_wandb_wrapper][fn:method][ln:139] - Skipping optional wandb call to 'log' because wandb usage is disabled.
[2025-01-31 11:15:17,209][DEBUG][m:optional_wandb_wrapper][fn:method][ln:139] - Skipping optional wandb call to 'log' because wandb usage is disabled.
[2025-01-31 11:15:17,209][DEBUG][m:optional_wandb_wrapper][fn:method][ln:139] - Skipping optional wandb call to 'log' because wandb usage is disabled.
[2025-01-31 11:15:17,232][DEBUG][m:PngImagePlugin][fn:call][ln:198] - STREAM b'IHDR' 16 13
[2025-01-31 11:15:17,232][DEBUG][m:PngImagePlugin][fn:call][ln:198] - STREAM b'IDAT' 41 8192
[2025-01-31 11:15:17,233][DEBUG][m:PngImagePlugin][fn:call][ln:198] - STREAM b'IHDR' 16 13
[2025-01-31 11:15:17,233][DEBUG][m:PngImagePlugin][fn:call][ln:198] - STREAM b'IDAT' 41 8192
[2025-01-31 11:15:17,244][DEBUG][m:Image][fn:close][ln:637] - Error closing: Operation on closed image
[2025-01-31 11:15:18,394][WARNING][m:optional_rerun_wrapper][fn:orr_log_vlm_image][ln:132] - VLM image not found at path: /home/ubuntu/local_data/Replica/office0/exps/s_detections_stride12/vis/frame000070annotated_for_vlm.jpg
[2025-01-31 11:15:18,394][WARNING][m:optional_rerun_wrapper][fn:orr_log_vlm_image][ln:132] - VLM image not found at path: /home/ubuntu/local_data/Replica/office0/exps/s_detections_stride12/vis/frame000070annotated_for_vlm_w_edges.jpg
[2025-01-31 11:15:18,863][DEBUG][m:optional_wandb_wrapper][fn:method][ln:139] - Skipping optional wandb call to 'log' because wandb usage is disabled.
[2025-01-31 11:15:18,892][DEBUG][m:optional_wandb_wrapper][fn:method][ln:139] - Skipping optional wandb call to 'log' because wandb usage is disabled.
[2025-01-31 11:15:18,892][DEBUG][m:optional_wandb_wrapper][fn:method][ln:139] - Skipping optional wandb call to 'log' because wandb usage is disabled.
[2025-01-31 11:15:18,916][DEBUG][m:PngImagePlugin][fn:call][ln:198] - STREAM b'IHDR' 16 13
[2025-01-31 11:15:18,916][DEBUG][m:PngImagePlugin][fn:call][ln:198] - STREAM b'IDAT' 41 8192
[2025-01-31 11:15:18,916][DEBUG][m:PngImagePlugin][fn:call][ln:198] - STREAM b'IHDR' 16 13
[2025-01-31 11:15:18,916][DEBUG][m:PngImagePlugin][fn:call][ln:198] - STREAM b'IDAT' 41 8192
[2025-01-31 11:15:18,928][DEBUG][m:Image][fn:close][ln:637] - Error closing: Operation on closed image
[2025-01-31 11:15:20,014][WARNING][m:optional_rerun_wrapper][fn:orr_log_vlm_image][ln:132] - VLM image not found at path: /home/ubuntu/local_data/Replica/office0/exps/s_detections_stride12/vis/frame000080annotated_for_vlm.jpg
[2025-01-31 11:15:20,014][WARNING][m:optional_rerun_wrapper][fn:orr_log_vlm_image][ln:132] - VLM image not found at path: /home/ubuntu/local_data/Replica/office0/exps/s_detections_stride12/vis/frame000080annotated_for_vlm_w_edges.jpg
[2025-01-31 11:15:20,518][DEBUG][m:optional_wandb_wrapper][fn:method][ln:139] - Skipping optional wandb call to 'log' because wandb usage is disabled.
[2025-01-31 11:15:20,548][DEBUG][m:optional_wandb_wrapper][fn:method][ln:139] - Skipping optional wandb call to 'log' because wandb usage is disabled.
[2025-01-31 11:15:20,549][DEBUG][m:optional_wandb_wrapper][fn:method][ln:139] - Skipping optional wandb call to 'log' because wandb usage is disabled.
[2025-01-31 11:15:20,571][DEBUG][m:PngImagePlugin][fn:call][ln:198] - STREAM b'IHDR' 16 13
[2025-01-31 11:15:20,571][DEBUG][m:PngImagePlugin][fn:call][ln:198] - STREAM b'IDAT' 41 8192
[2025-01-31 11:15:20,571][DEBUG][m:PngImagePlugin][fn:call][ln:198] - STREAM b'IHDR' 16 13
[2025-01-31 11:15:20,571][DEBUG][m:PngImagePlugin][fn:call][ln:198] - STREAM b'IDAT' 41 8192
[2025-01-31 11:15:20,583][DEBUG][m:Image][fn:close][ln:637] - Error closing: Operation on closed image
[2025-01-31 11:15:21,199][WARNING][m:optional_rerun_wrapper][fn:orr_log_vlm_image][ln:132] - VLM image not found at path: /home/ubuntu/local_data/Replica/office0/exps/s_detections_stride12/vis/frame000090annotated_for_vlm.jpg
[2025-01-31 11:15:21,199][WARNING][m:optional_rerun_wrapper][fn:orr_log_vlm_image][ln:132] - VLM image not found at path: /home/ubuntu/local_data/Replica/office0/exps/s_detections_stride12/vis/frame000090annotated_for_vlm_w_edges.jpg
[2025-01-31 11:15:21,382][DEBUG][m:optional_wandb_wrapper][fn:method][ln:139] - Skipping optional wandb call to 'log' because wandb usage is disabled.
[2025-01-31 11:15:21,382][DEBUG][m:utils][fn:denoise_objects][ln:663] - Starting denoising with 12 objects
[2025-01-31 11:15:21,416][DEBUG][m:utils][fn:denoise_objects][ln:685] - Finished denoising object 0 out of 12
[2025-01-31 11:15:21,416][DEBUG][m:utils][fn:denoise_objects][ln:690] - before denoising: 3029, after denoising: 2944
[2025-01-31 11:15:21,454][DEBUG][m:utils][fn:denoise_objects][ln:685] - Finished denoising object 1 out of 12
[2025-01-31 11:15:21,454][DEBUG][m:utils][fn:denoise_objects][ln:690] - before denoising: 3097, after denoising: 3076
[2025-01-31 11:15:21,588][DEBUG][m:utils][fn:denoise_objects][ln:685] - Finished denoising object 2 out of 12
[2025-01-31 11:15:21,589][DEBUG][m:utils][fn:denoise_objects][ln:690] - before denoising: 12315, after denoising: 12315
[2025-01-31 11:15:21,668][DEBUG][m:utils][fn:denoise_objects][ln:685] - Finished denoising object 3 out of 12
[2025-01-31 11:15:21,669][DEBUG][m:utils][fn:denoise_objects][ln:690] - before denoising: 6319, after denoising: 6319
[2025-01-31 11:15:21,842][DEBUG][m:utils][fn:denoise_objects][ln:685] - Finished denoising object 4 out of 12
[2025-01-31 11:15:21,842][DEBUG][m:utils][fn:denoise_objects][ln:690] - before denoising: 18003, after denoising: 18003
[2025-01-31 11:15:21,924][DEBUG][m:utils][fn:denoise_objects][ln:685] - Finished denoising object 5 out of 12
[2025-01-31 11:15:21,924][DEBUG][m:utils][fn:denoise_objects][ln:690] - before denoising: 10636, after denoising: 10636
[2025-01-31 11:15:21,970][DEBUG][m:utils][fn:denoise_objects][ln:685] - Finished denoising object 6 out of 12
[2025-01-31 11:15:21,971][DEBUG][m:utils][fn:denoise_objects][ln:690] - before denoising: 4956, after denoising: 4946
[2025-01-31 11:15:22,009][DEBUG][m:utils][fn:denoise_objects][ln:685] - Finished denoising object 7 out of 12
[2025-01-31 11:15:22,009][DEBUG][m:utils][fn:denoise_objects][ln:690] - before denoising: 3542, after denoising: 3371
[2025-01-31 11:15:22,010][DEBUG][m:utils][fn:denoise_objects][ln:685] - Finished denoising object 8 out of 12
[2025-01-31 11:15:22,010][DEBUG][m:utils][fn:denoise_objects][ln:690] - before denoising: 102, after denoising: 102
[2025-01-31 11:15:22,042][DEBUG][m:utils][fn:denoise_objects][ln:685] - Finished denoising object 9 out of 12
[2025-01-31 11:15:22,042][DEBUG][m:utils][fn:denoise_objects][ln:690] - before denoising: 3556, after denoising: 3556
[2025-01-31 11:15:22,046][DEBUG][m:utils][fn:denoise_objects][ln:685] - Finished denoising object 10 out of 12
[2025-01-31 11:15:22,046][DEBUG][m:utils][fn:denoise_objects][ln:690] - before denoising: 527, after denoising: 525
[2025-01-31 11:15:22,053][DEBUG][m:utils][fn:denoise_objects][ln:685] - Finished denoising object 11 out of 12
[2025-01-31 11:15:22,053][DEBUG][m:utils][fn:denoise_objects][ln:690] - before denoising: 840, after denoising: 776
[2025-01-31 11:15:22,053][DEBUG][m:utils][fn:denoise_objects][ln:691] - Finished denoising with 12 objects
[2025-01-31 11:15:22,118][DEBUG][m:optional_wandb_wrapper][fn:method][ln:139] - Skipping optional wandb call to 'log' because wandb usage is disabled.
[2025-01-31 11:15:22,118][DEBUG][m:optional_wandb_wrapper][fn:method][ln:139] - Skipping optional wandb call to 'log' because wandb usage is disabled.
[2025-01-31 11:15:22,147][DEBUG][m:PngImagePlugin][fn:call][ln:198] - STREAM b'IHDR' 16 13
[2025-01-31 11:15:22,148][DEBUG][m:PngImagePlugin][fn:call][ln:198] - STREAM b'IDAT' 41 8192
[2025-01-31 11:15:22,148][DEBUG][m:PngImagePlugin][fn:call][ln:198] - STREAM b'IHDR' 16 13
[2025-01-31 11:15:22,148][DEBUG][m:PngImagePlugin][fn:call][ln:198] - STREAM b'IDAT' 41 8192
[2025-01-31 11:15:22,159][DEBUG][m:Image][fn:close][ln:637] - Error closing: Operation on closed image
[2025-01-31 11:15:23,072][WARNING][m:optional_rerun_wrapper][fn:orr_log_vlm_image][ln:132] - VLM image not found at path: /home/ubuntu/local_data/Replica/office0/exps/s_detections_stride12/vis/frame000100annotated_for_vlm.jpg
[2025-01-31 11:15:23,072][WARNING][m:optional_rerun_wrapper][fn:orr_log_vlm_image][ln:132] - VLM image not found at path: /home/ubuntu/local_data/Replica/office0/exps/s_detections_stride12/vis/frame000100annotated_for_vlm_w_edges.jpg
[2025-01-31 11:15:23,239][DEBUG][m:optional_wandb_wrapper][fn:method][ln:139] - Skipping optional wandb call to 'log' because wandb usage is disabled.
[2025-01-31 11:15:23,276][DEBUG][m:optional_wandb_wrapper][fn:method][ln:139] - Skipping optional wandb call to 'log' because wandb usage is disabled.
[2025-01-31 11:15:23,276][DEBUG][m:optional_wandb_wrapper][fn:method][ln:139] - Skipping optional wandb call to 'log' because wandb usage is disabled.
[2025-01-31 11:15:23,307][DEBUG][m:PngImagePlugin][fn:call][ln:198] - STREAM b'IHDR' 16 13
[2025-01-31 11:15:23,307][DEBUG][m:PngImagePlugin][fn:call][ln:198] - STREAM b'IDAT' 41 8192
[2025-01-31 11:15:23,308][DEBUG][m:PngImagePlugin][fn:call][ln:198] - STREAM b'IHDR' 16 13
[2025-01-31 11:15:23,308][DEBUG][m:PngImagePlugin][fn:call][ln:198] - STREAM b'IDAT' 41 8192
[2025-01-31 11:15:23,319][DEBUG][m:Image][fn:close][ln:637] - Error closing: Operation on closed image
[2025-01-31 11:15:24,162][WARNING][m:optional_rerun_wrapper][fn:orr_log_vlm_image][ln:132] - VLM image not found at path: /home/ubuntu/local_data/Replica/office0/exps/s_detections_stride12/vis/frame000110annotated_for_vlm.jpg
[2025-01-31 11:15:24,163][WARNING][m:optional_rerun_wrapper][fn:orr_log_vlm_image][ln:132] - VLM image not found at path: /home/ubuntu/local_data/Replica/office0/exps/s_detections_stride12/vis/frame000110annotated_for_vlm_w_edges.jpg
[2025-01-31 11:15:24,350][DEBUG][m:optional_wandb_wrapper][fn:method][ln:139] - Skipping optional wandb call to 'log' because wandb usage is disabled.
[2025-01-31 11:15:24,383][DEBUG][m:optional_wandb_wrapper][fn:method][ln:139] - Skipping optional wandb call to 'log' because wandb usage is disabled.
[2025-01-31 11:15:24,383][DEBUG][m:optional_wandb_wrapper][fn:method][ln:139] - Skipping optional wandb call to 'log' because wandb usage is disabled.
[2025-01-31 11:15:24,410][DEBUG][m:PngImagePlugin][fn:call][ln:198] - STREAM b'IHDR' 16 13
[2025-01-31 11:15:24,410][DEBUG][m:PngImagePlugin][fn:call][ln:198] - STREAM b'IDAT' 41 8192
[2025-01-31 11:15:24,410][DEBUG][m:PngImagePlugin][fn:call][ln:198] - STREAM b'IHDR' 16 13
[2025-01-31 11:15:24,411][DEBUG][m:PngImagePlugin][fn:call][ln:198] - STREAM b'IDAT' 41 8192
[2025-01-31 11:15:24,421][DEBUG][m:Image][fn:close][ln:637] - Error closing: Operation on closed image
[2025-01-31 11:15:25,430][WARNING][m:optional_rerun_wrapper][fn:orr_log_vlm_image][ln:132] - VLM image not found at path: /home/ubuntu/local_data/Replica/office0/exps/s_detections_stride12/vis/frame000120annotated_for_vlm.jpg
[2025-01-31 11:15:25,430][WARNING][m:optional_rerun_wrapper][fn:orr_log_vlm_image][ln:132] - VLM image not found at path: /home/ubuntu/local_data/Replica/office0/exps/s_detections_stride12/vis/frame000120annotated_for_vlm_w_edges.jpg
[2025-01-31 11:15:25,656][DEBUG][m:optional_wandb_wrapper][fn:method][ln:139] - Skipping optional wandb call to 'log' because wandb usage is disabled.
[2025-01-31 11:15:25,690][DEBUG][m:optional_wandb_wrapper][fn:method][ln:139] - Skipping optional wandb call to 'log' because wandb usage is disabled.
[2025-01-31 11:15:25,690][DEBUG][m:optional_wandb_wrapper][fn:method][ln:139] - Skipping optional wandb call to 'log' because wandb usage is disabled.
[2025-01-31 11:15:25,713][DEBUG][m:PngImagePlugin][fn:call][ln:198] - STREAM b'IHDR' 16 13
[2025-01-31 11:15:25,714][DEBUG][m:PngImagePlugin][fn:call][ln:198] - STREAM b'IDAT' 41 8192
[2025-01-31 11:15:25,714][DEBUG][m:PngImagePlugin][fn:call][ln:198] - STREAM b'IHDR' 16 13
[2025-01-31 11:15:25,714][DEBUG][m:PngImagePlugin][fn:call][ln:198] - STREAM b'IDAT' 41 8192
[2025-01-31 11:15:25,728][DEBUG][m:Image][fn:close][ln:637] - Error closing: Operation on closed image
[2025-01-31 11:15:26,767][WARNING][m:optional_rerun_wrapper][fn:orr_log_vlm_image][ln:132] - VLM image not found at path: /home/ubuntu/local_data/Replica/office0/exps/s_detections_stride12/vis/frame000130annotated_for_vlm.jpg
[2025-01-31 11:15:26,767][WARNING][m:optional_rerun_wrapper][fn:orr_log_vlm_image][ln:132] - VLM image not found at path: /home/ubuntu/local_data/Replica/office0/exps/s_detections_stride12/vis/frame000130annotated_for_vlm_w_edges.jpg
[2025-01-31 11:15:27,051][DEBUG][m:optional_wandb_wrapper][fn:method][ln:139] - Skipping optional wandb call to 'log' because wandb usage is disabled.
[2025-01-31 11:15:27,087][DEBUG][m:optional_wandb_wrapper][fn:method][ln:139] - Skipping optional wandb call to 'log' because wandb usage is disabled.
[2025-01-31 11:15:27,088][DEBUG][m:optional_wandb_wrapper][fn:method][ln:139] - Skipping optional wandb call to 'log' because wandb usage is disabled.
[2025-01-31 11:15:27,114][DEBUG][m:PngImagePlugin][fn:call][ln:198] - STREAM b'IHDR' 16 13
[2025-01-31 11:15:27,114][DEBUG][m:PngImagePlugin][fn:call][ln:198] - STREAM b'IDAT' 41 8192
[2025-01-31 11:15:27,114][DEBUG][m:PngImagePlugin][fn:call][ln:198] - STREAM b'IHDR' 16 13
[2025-01-31 11:15:27,114][DEBUG][m:PngImagePlugin][fn:call][ln:198] - STREAM b'IDAT' 41 8192
[2025-01-31 11:15:27,127][DEBUG][m:Image][fn:close][ln:637] - Error closing: Operation on closed image
[2025-01-31 11:15:28,199][WARNING][m:optional_rerun_wrapper][fn:orr_log_vlm_image][ln:132] - VLM image not found at path: /home/ubuntu/local_data/Replica/office0/exps/s_detections_stride12/vis/frame000140annotated_for_vlm.jpg
[2025-01-31 11:15:28,200][WARNING][m:optional_rerun_wrapper][fn:orr_log_vlm_image][ln:132] - VLM image not found at path: /home/ubuntu/local_data/Replica/office0/exps/s_detections_stride12/vis/frame000140annotated_for_vlm_w_edges.jpg
[2025-01-31 11:15:28,204][DEBUG][m:utils][fn:filter_gobs][ln:862] - Skipped due to large bounding box area ratio - Class: picture, Area Ratio: 0.8710
[2025-01-31 11:15:28,623][DEBUG][m:optional_wandb_wrapper][fn:method][ln:139] - Skipping optional wandb call to 'log' because wandb usage is disabled.
[2025-01-31 11:15:28,623][DEBUG][m:utils][fn:denoise_objects][ln:663] - Starting denoising with 15 objects
[2025-01-31 11:15:28,653][DEBUG][m:utils][fn:denoise_objects][ln:685] - Finished denoising object 0 out of 15
[2025-01-31 11:15:28,653][DEBUG][m:utils][fn:denoise_objects][ln:690] - before denoising: 2944, after denoising: 2944
[2025-01-31 11:15:28,687][DEBUG][m:utils][fn:denoise_objects][ln:685] - Finished denoising object 1 out of 15
[2025-01-31 11:15:28,687][DEBUG][m:utils][fn:denoise_objects][ln:690] - before denoising: 3135, after denoising: 3135
[2025-01-31 11:15:28,813][DEBUG][m:utils][fn:denoise_objects][ln:685] - Finished denoising object 2 out of 15
[2025-01-31 11:15:28,813][DEBUG][m:utils][fn:denoise_objects][ln:690] - before denoising: 12315, after denoising: 12315
[2025-01-31 11:15:28,891][DEBUG][m:utils][fn:denoise_objects][ln:685] - Finished denoising object 3 out of 15
[2025-01-31 11:15:28,891][DEBUG][m:utils][fn:denoise_objects][ln:690] - before denoising: 6443, after denoising: 6443
[2025-01-31 11:15:29,062][DEBUG][m:utils][fn:denoise_objects][ln:685] - Finished denoising object 4 out of 15
[2025-01-31 11:15:29,062][DEBUG][m:utils][fn:denoise_objects][ln:690] - before denoising: 19124, after denoising: 18977
[2025-01-31 11:15:29,248][DEBUG][m:utils][fn:denoise_objects][ln:685] - Finished denoising object 5 out of 15
[2025-01-31 11:15:29,248][DEBUG][m:utils][fn:denoise_objects][ln:690] - before denoising: 20181, after denoising: 20181
[2025-01-31 11:15:29,295][DEBUG][m:utils][fn:denoise_objects][ln:685] - Finished denoising object 6 out of 15
[2025-01-31 11:15:29,295][DEBUG][m:utils][fn:denoise_objects][ln:690] - before denoising: 4946, after denoising: 4946
[2025-01-31 11:15:29,332][DEBUG][m:utils][fn:denoise_objects][ln:685] - Finished denoising object 7 out of 15
[2025-01-31 11:15:29,333][DEBUG][m:utils][fn:denoise_objects][ln:690] - before denoising: 3371, after denoising: 3371
[2025-01-31 11:15:29,333][DEBUG][m:utils][fn:denoise_objects][ln:685] - Finished denoising object 8 out of 15
[2025-01-31 11:15:29,333][DEBUG][m:utils][fn:denoise_objects][ln:690] - before denoising: 122, after denoising: 121
[2025-01-31 11:15:29,365][DEBUG][m:utils][fn:denoise_objects][ln:685] - Finished denoising object 9 out of 15
[2025-01-31 11:15:29,365][DEBUG][m:utils][fn:denoise_objects][ln:690] - before denoising: 3556, after denoising: 3556
[2025-01-31 11:15:29,370][DEBUG][m:utils][fn:denoise_objects][ln:685] - Finished denoising object 10 out of 15
[2025-01-31 11:15:29,370][DEBUG][m:utils][fn:denoise_objects][ln:690] - before denoising: 576, after denoising: 551
[2025-01-31 11:15:29,378][DEBUG][m:utils][fn:denoise_objects][ln:685] - Finished denoising object 11 out of 15
[2025-01-31 11:15:29,378][DEBUG][m:utils][fn:denoise_objects][ln:690] - before denoising: 937, after denoising: 882
[2025-01-31 11:15:29,411][DEBUG][m:utils][fn:denoise_objects][ln:685] - Finished denoising object 12 out of 15
[2025-01-31 11:15:29,411][DEBUG][m:utils][fn:denoise_objects][ln:690] - before denoising: 3008, after denoising: 2974
[2025-01-31 11:15:29,494][DEBUG][m:utils][fn:denoise_objects][ln:685] - Finished denoising object 13 out of 15
[2025-01-31 11:15:29,495][DEBUG][m:utils][fn:denoise_objects][ln:690] - before denoising: 7805, after denoising: 7699
[2025-01-31 11:15:29,509][DEBUG][m:utils][fn:denoise_objects][ln:685] - Finished denoising object 14 out of 15
[2025-01-31 11:15:29,509][DEBUG][m:utils][fn:denoise_objects][ln:690] - before denoising: 2459, after denoising: 2279
[2025-01-31 11:15:29,509][DEBUG][m:utils][fn:denoise_objects][ln:691] - Finished denoising with 15 objects
[2025-01-31 11:15:29,593][DEBUG][m:optional_wandb_wrapper][fn:method][ln:139] - Skipping optional wandb call to 'log' because wandb usage is disabled.
[2025-01-31 11:15:29,593][DEBUG][m:optional_wandb_wrapper][fn:method][ln:139] - Skipping optional wandb call to 'log' because wandb usage is disabled.
[2025-01-31 11:15:29,621][DEBUG][m:PngImagePlugin][fn:call][ln:198] - STREAM b'IHDR' 16 13
[2025-01-31 11:15:29,621][DEBUG][m:PngImagePlugin][fn:call][ln:198] - STREAM b'IDAT' 41 8192
[2025-01-31 11:15:29,621][DEBUG][m:PngImagePlugin][fn:call][ln:198] - STREAM b'IHDR' 16 13
[2025-01-31 11:15:29,621][DEBUG][m:PngImagePlugin][fn:call][ln:198] - STREAM b'IDAT' 41 8192
[2025-01-31 11:15:29,635][DEBUG][m:Image][fn:close][ln:637] - Error closing: Operation on closed image
[2025-01-31 11:15:30,410][WARNING][m:optional_rerun_wrapper][fn:orr_log_vlm_image][ln:132] - VLM image not found at path: /home/ubuntu/local_data/Replica/office0/exps/s_detections_stride12/vis/frame000150annotated_for_vlm.jpg
[2025-01-31 11:15:30,410][WARNING][m:optional_rerun_wrapper][fn:orr_log_vlm_image][ln:132] - VLM image not found at path: /home/ubuntu/local_data/Replica/office0/exps/s_detections_stride12/vis/frame000150annotated_for_vlm_w_edges.jpg
[2025-01-31 11:15:31,080][DEBUG][m:optional_wandb_wrapper][fn:method][ln:139] - Skipping optional wandb call to 'log' because wandb usage is disabled.
[2025-01-31 11:15:31,128][DEBUG][m:optional_wandb_wrapper][fn:method][ln:139] - Skipping optional wandb call to 'log' because wandb usage is disabled.
[2025-01-31 11:15:31,128][DEBUG][m:optional_wandb_wrapper][fn:method][ln:139] - Skipping optional wandb call to 'log' because wandb usage is disabled.
[2025-01-31 11:15:31,158][DEBUG][m:PngImagePlugin][fn:call][ln:198] - STREAM b'IHDR' 16 13
[2025-01-31 11:15:31,158][DEBUG][m:PngImagePlugin][fn:call][ln:198] - STREAM b'IDAT' 41 8192
[2025-01-31 11:15:31,158][DEBUG][m:PngImagePlugin][fn:call][ln:198] - STREAM b'IHDR' 16 13
[2025-01-31 11:15:31,158][DEBUG][m:PngImagePlugin][fn:call][ln:198] - STREAM b'IDAT' 41 8192
[2025-01-31 11:15:31,174][DEBUG][m:Image][fn:close][ln:637] - Error closing: Operation on closed image
[2025-01-31 11:15:32,102][WARNING][m:optional_rerun_wrapper][fn:orr_log_vlm_image][ln:132] - VLM image not found at path: /home/ubuntu/local_data/Replica/office0/exps/s_detections_stride12/vis/frame000160annotated_for_vlm.jpg
[2025-01-31 11:15:32,102][WARNING][m:optional_rerun_wrapper][fn:orr_log_vlm_image][ln:132] - VLM image not found at path: /home/ubuntu/local_data/Replica/office0/exps/s_detections_stride12/vis/frame000160annotated_for_vlm_w_edges.jpg
[2025-01-31 11:15:32,679][DEBUG][m:optional_wandb_wrapper][fn:method][ln:139] - Skipping optional wandb call to 'log' because wandb usage is disabled.
[2025-01-31 11:15:32,728][DEBUG][m:optional_wandb_wrapper][fn:method][ln:139] - Skipping optional wandb call to 'log' because wandb usage is disabled.
[2025-01-31 11:15:32,728][DEBUG][m:optional_wandb_wrapper][fn:method][ln:139] - Skipping optional wandb call to 'log' because wandb usage is disabled.
[2025-01-31 11:15:32,755][DEBUG][m:PngImagePlugin][fn:call][ln:198] - STREAM b'IHDR' 16 13
[2025-01-31 11:15:32,755][DEBUG][m:PngImagePlugin][fn:call][ln:198] - STREAM b'IDAT' 41 8192
[2025-01-31 11:15:32,755][DEBUG][m:PngImagePlugin][fn:call][ln:198] - STREAM b'IHDR' 16 13
[2025-01-31 11:15:32,755][DEBUG][m:PngImagePlugin][fn:call][ln:198] - STREAM b'IDAT' 41 8192
[2025-01-31 11:15:32,770][DEBUG][m:Image][fn:close][ln:637] - Error closing: Operation on closed image
[2025-01-31 11:15:33,637][WARNING][m:optional_rerun_wrapper][fn:orr_log_vlm_image][ln:132] - VLM image not found at path: /home/ubuntu/local_data/Replica/office0/exps/s_detections_stride12/vis/frame000170annotated_for_vlm.jpg
[2025-01-31 11:15:33,637][WARNING][m:optional_rerun_wrapper][fn:orr_log_vlm_image][ln:132] - VLM image not found at path: /home/ubuntu/local_data/Replica/office0/exps/s_detections_stride12/vis/frame000170annotated_for_vlm_w_edges.jpg
[2025-01-31 11:15:33,983][DEBUG][m:optional_wandb_wrapper][fn:method][ln:139] - Skipping optional wandb call to 'log' because wandb usage is disabled.
[2025-01-31 11:15:34,031][DEBUG][m:optional_wandb_wrapper][fn:method][ln:139] - Skipping optional wandb call to 'log' because wandb usage is disabled.
[2025-01-31 11:15:34,031][DEBUG][m:optional_wandb_wrapper][fn:method][ln:139] - Skipping optional wandb call to 'log' because wandb usage is disabled.
[2025-01-31 11:15:34,059][DEBUG][m:PngImagePlugin][fn:call][ln:198] - STREAM b'IHDR' 16 13
[2025-01-31 11:15:34,059][DEBUG][m:PngImagePlugin][fn:call][ln:198] - STREAM b'IDAT' 41 8192
[2025-01-31 11:15:34,059][DEBUG][m:PngImagePlugin][fn:call][ln:198] - STREAM b'IHDR' 16 13
[2025-01-31 11:15:34,059][DEBUG][m:PngImagePlugin][fn:call][ln:198] - STREAM b'IDAT' 41 8192
[2025-01-31 11:15:34,073][DEBUG][m:Image][fn:close][ln:637] - Error closing: Operation on closed image
[2025-01-31 11:15:35,005][WARNING][m:optional_rerun_wrapper][fn:orr_log_vlm_image][ln:132] - VLM image not found at path: /home/ubuntu/local_data/Replica/office0/exps/s_detections_stride12/vis/frame000180annotated_for_vlm.jpg
[2025-01-31 11:15:35,005][WARNING][m:optional_rerun_wrapper][fn:orr_log_vlm_image][ln:132] - VLM image not found at path: /home/ubuntu/local_data/Replica/office0/exps/s_detections_stride12/vis/frame000180annotated_for_vlm_w_edges.jpg
[2025-01-31 11:15:35,207][DEBUG][m:optional_wandb_wrapper][fn:method][ln:139] - Skipping optional wandb call to 'log' because wandb usage is disabled.
[2025-01-31 11:15:35,259][DEBUG][m:optional_wandb_wrapper][fn:method][ln:139] - Skipping optional wandb call to 'log' because wandb usage is disabled.
[2025-01-31 11:15:35,259][DEBUG][m:optional_wandb_wrapper][fn:method][ln:139] - Skipping optional wandb call to 'log' because wandb usage is disabled.
[2025-01-31 11:15:35,289][DEBUG][m:PngImagePlugin][fn:call][ln:198] - STREAM b'IHDR' 16 13
[2025-01-31 11:15:35,290][DEBUG][m:PngImagePlugin][fn:call][ln:198] - STREAM b'IDAT' 41 8192
[2025-01-31 11:15:35,290][DEBUG][m:PngImagePlugin][fn:call][ln:198] - STREAM b'IHDR' 16 13
[2025-01-31 11:15:35,290][DEBUG][m:PngImagePlugin][fn:call][ln:198] - STREAM b'IDAT' 41 8192
[2025-01-31 11:15:35,302][DEBUG][m:Image][fn:close][ln:637] - Error closing: Operation on closed image
[2025-01-31 11:15:36,154][WARNING][m:optional_rerun_wrapper][fn:orr_log_vlm_image][ln:132] - VLM image not found at path: /home/ubuntu/local_data/Replica/office0/exps/s_detections_stride12/vis/frame000190annotated_for_vlm.jpg
[2025-01-31 11:15:36,154][WARNING][m:optional_rerun_wrapper][fn:orr_log_vlm_image][ln:132] - VLM image not found at path: /home/ubuntu/local_data/Replica/office0/exps/s_detections_stride12/vis/frame000190annotated_for_vlm_w_edges.jpg
[2025-01-31 11:15:36,344][DEBUG][m:optional_wandb_wrapper][fn:method][ln:139] - Skipping optional wandb call to 'log' because wandb usage is disabled.
[2025-01-31 11:15:36,344][DEBUG][m:utils][fn:denoise_objects][ln:663] - Starting denoising with 18 objects
[2025-01-31 11:15:36,379][DEBUG][m:utils][fn:denoise_objects][ln:685] - Finished denoising object 0 out of 18
[2025-01-31 11:15:36,379][DEBUG][m:utils][fn:denoise_objects][ln:690] - before denoising: 2944, after denoising: 2944
[2025-01-31 11:15:36,419][DEBUG][m:utils][fn:denoise_objects][ln:685] - Finished denoising object 1 out of 18
[2025-01-31 11:15:36,419][DEBUG][m:utils][fn:denoise_objects][ln:690] - before denoising: 3135, after denoising: 3135
[2025-01-31 11:15:36,563][DEBUG][m:utils][fn:denoise_objects][ln:685] - Finished denoising object 2 out of 18
[2025-01-31 11:15:36,564][DEBUG][m:utils][fn:denoise_objects][ln:690] - before denoising: 12315, after denoising: 12315
[2025-01-31 11:15:36,651][DEBUG][m:utils][fn:denoise_objects][ln:685] - Finished denoising object 3 out of 18
[2025-01-31 11:15:36,651][DEBUG][m:utils][fn:denoise_objects][ln:690] - before denoising: 6443, after denoising: 6443
[2025-01-31 11:15:36,827][DEBUG][m:utils][fn:denoise_objects][ln:685] - Finished denoising object 4 out of 18
[2025-01-31 11:15:36,827][DEBUG][m:utils][fn:denoise_objects][ln:690] - before denoising: 18977, after denoising: 18977
[2025-01-31 11:15:37,135][DEBUG][m:utils][fn:denoise_objects][ln:685] - Finished denoising object 5 out of 18
[2025-01-31 11:15:37,135][DEBUG][m:utils][fn:denoise_objects][ln:690] - before denoising: 26598, after denoising: 26598
[2025-01-31 11:15:37,183][DEBUG][m:utils][fn:denoise_objects][ln:685] - Finished denoising object 6 out of 18
[2025-01-31 11:15:37,183][DEBUG][m:utils][fn:denoise_objects][ln:690] - before denoising: 4946, after denoising: 4946
[2025-01-31 11:15:37,220][DEBUG][m:utils][fn:denoise_objects][ln:685] - Finished denoising object 7 out of 18
[2025-01-31 11:15:37,220][DEBUG][m:utils][fn:denoise_objects][ln:690] - before denoising: 3371, after denoising: 3371
[2025-01-31 11:15:37,221][DEBUG][m:utils][fn:denoise_objects][ln:685] - Finished denoising object 8 out of 18
[2025-01-31 11:15:37,221][DEBUG][m:utils][fn:denoise_objects][ln:690] - before denoising: 121, after denoising: 121
[2025-01-31 11:15:37,252][DEBUG][m:utils][fn:denoise_objects][ln:685] - Finished denoising object 9 out of 18
[2025-01-31 11:15:37,252][DEBUG][m:utils][fn:denoise_objects][ln:690] - before denoising: 3556, after denoising: 3556
[2025-01-31 11:15:37,256][DEBUG][m:utils][fn:denoise_objects][ln:685] - Finished denoising object 10 out of 18
[2025-01-31 11:15:37,256][DEBUG][m:utils][fn:denoise_objects][ln:690] - before denoising: 554, after denoising: 553
[2025-01-31 11:15:37,267][DEBUG][m:utils][fn:denoise_objects][ln:685] - Finished denoising object 11 out of 18
[2025-01-31 11:15:37,267][DEBUG][m:utils][fn:denoise_objects][ln:690] - before denoising: 1059, after denoising: 1036
[2025-01-31 11:15:37,308][DEBUG][m:utils][fn:denoise_objects][ln:685] - Finished denoising object 12 out of 18
[2025-01-31 11:15:37,309][DEBUG][m:utils][fn:denoise_objects][ln:690] - before denoising: 3494, after denoising: 3494
[2025-01-31 11:15:37,400][DEBUG][m:utils][fn:denoise_objects][ln:685] - Finished denoising object 13 out of 18
[2025-01-31 11:15:37,400][DEBUG][m:utils][fn:denoise_objects][ln:690] - before denoising: 8459, after denoising: 8335
[2025-01-31 11:15:37,455][DEBUG][m:utils][fn:denoise_objects][ln:685] - Finished denoising object 14 out of 18
[2025-01-31 11:15:37,455][DEBUG][m:utils][fn:denoise_objects][ln:690] - before denoising: 9169, after denoising: 8976
[2025-01-31 11:15:37,475][DEBUG][m:utils][fn:denoise_objects][ln:685] - Finished denoising object 15 out of 18
[2025-01-31 11:15:37,476][DEBUG][m:utils][fn:denoise_objects][ln:690] - before denoising: 3776, after denoising: 3399
[2025-01-31 11:15:37,499][DEBUG][m:utils][fn:denoise_objects][ln:685] - Finished denoising object 16 out of 18
[2025-01-31 11:15:37,499][DEBUG][m:utils][fn:denoise_objects][ln:690] - before denoising: 3796, after denoising: 3717
[2025-01-31 11:15:37,580][DEBUG][m:utils][fn:denoise_objects][ln:685] - Finished denoising object 17 out of 18
[2025-01-31 11:15:37,580][DEBUG][m:utils][fn:denoise_objects][ln:690] - before denoising: 10557, after denoising: 10557
[2025-01-31 11:15:37,580][DEBUG][m:utils][fn:denoise_objects][ln:691] - Finished denoising with 18 objects
[2025-01-31 11:15:38,138][DEBUG][m:optional_wandb_wrapper][fn:method][ln:139] - Skipping optional wandb call to 'log' because wandb usage is disabled.
[2025-01-31 11:15:38,138][DEBUG][m:optional_wandb_wrapper][fn:method][ln:139] - Skipping optional wandb call to 'log' because wandb usage is disabled.
[2025-01-31 11:15:38,167][DEBUG][m:PngImagePlugin][fn:call][ln:198] - STREAM b'IHDR' 16 13
[2025-01-31 11:15:38,167][DEBUG][m:PngImagePlugin][fn:call][ln:198] - STREAM b'IDAT' 41 8192
[2025-01-31 11:15:38,168][DEBUG][m:PngImagePlugin][fn:call][ln:198] - STREAM b'IHDR' 16 13
[2025-01-31 11:15:38,168][DEBUG][m:PngImagePlugin][fn:call][ln:198] - STREAM b'IDAT' 41 8192
[2025-01-31 11:15:38,180][DEBUG][m:Image][fn:close][ln:637] - Error closing: Operation on closed image
[2025-01-31 11:15:39,050][WARNING][m:optional_rerun_wrapper][fn:orr_log_vlm_image][ln:132] - VLM image not found at path: /home/ubuntu/local_data/Replica/office0/exps/s_detections_stride12/vis/frame000200annotated_for_vlm.jpg
[2025-01-31 11:15:39,050][WARNING][m:optional_rerun_wrapper][fn:orr_log_vlm_image][ln:132] - VLM image not found at path: /home/ubuntu/local_data/Replica/office0/exps/s_detections_stride12/vis/frame000200annotated_for_vlm_w_edges.jpg
[2025-01-31 11:15:39,448][DEBUG][m:optional_wandb_wrapper][fn:method][ln:139] - Skipping optional wandb call to 'log' because wandb usage is disabled.
[2025-01-31 11:15:39,494][DEBUG][m:optional_wandb_wrapper][fn:method][ln:139] - Skipping optional wandb call to 'log' because wandb usage is disabled.
[2025-01-31 11:15:39,494][DEBUG][m:optional_wandb_wrapper][fn:method][ln:139] - Skipping optional wandb call to 'log' because wandb usage is disabled.
[2025-01-31 11:15:39,525][DEBUG][m:PngImagePlugin][fn:call][ln:198] - STREAM b'IHDR' 16 13
[2025-01-31 11:15:39,525][DEBUG][m:PngImagePlugin][fn:call][ln:198] - STREAM b'IDAT' 41 8192
[2025-01-31 11:15:39,526][DEBUG][m:PngImagePlugin][fn:call][ln:198] - STREAM b'IHDR' 16 13
[2025-01-31 11:15:39,526][DEBUG][m:PngImagePlugin][fn:call][ln:198] - STREAM b'IDAT' 41 8192
[2025-01-31 11:15:39,539][DEBUG][m:Image][fn:close][ln:637] - Error closing: Operation on closed image
[2025-01-31 11:15:40,536][WARNING][m:optional_rerun_wrapper][fn:orr_log_vlm_image][ln:132] - VLM image not found at path: /home/ubuntu/local_data/Replica/office0/exps/s_detections_stride12/vis/frame000210annotated_for_vlm.jpg
[2025-01-31 11:15:40,537][WARNING][m:optional_rerun_wrapper][fn:orr_log_vlm_image][ln:132] - VLM image not found at path: /home/ubuntu/local_data/Replica/office0/exps/s_detections_stride12/vis/frame000210annotated_for_vlm_w_edges.jpg
[2025-01-31 11:15:40,885][DEBUG][m:optional_wandb_wrapper][fn:method][ln:139] - Skipping optional wandb call to 'log' because wandb usage is disabled.
[2025-01-31 11:15:40,931][DEBUG][m:optional_wandb_wrapper][fn:method][ln:139] - Skipping optional wandb call to 'log' because wandb usage is disabled.
[2025-01-31 11:15:40,931][DEBUG][m:optional_wandb_wrapper][fn:method][ln:139] - Skipping optional wandb call to 'log' because wandb usage is disabled.
[2025-01-31 11:15:40,962][DEBUG][m:PngImagePlugin][fn:call][ln:198] - STREAM b'IHDR' 16 13
[2025-01-31 11:15:40,962][DEBUG][m:PngImagePlugin][fn:call][ln:198] - STREAM b'IDAT' 41 8192
[2025-01-31 11:15:40,962][DEBUG][m:PngImagePlugin][fn:call][ln:198] - STREAM b'IHDR' 16 13
[2025-01-31 11:15:40,962][DEBUG][m:PngImagePlugin][fn:call][ln:198] - STREAM b'IDAT' 41 8192
[2025-01-31 11:15:40,979][DEBUG][m:Image][fn:close][ln:637] - Error closing: Operation on closed image
[2025-01-31 11:15:41,953][WARNING][m:optional_rerun_wrapper][fn:orr_log_vlm_image][ln:132] - VLM image not found at path: /home/ubuntu/local_data/Replica/office0/exps/s_detections_stride12/vis/frame000220annotated_for_vlm.jpg
[2025-01-31 11:15:41,953][WARNING][m:optional_rerun_wrapper][fn:orr_log_vlm_image][ln:132] - VLM image not found at path: /home/ubuntu/local_data/Replica/office0/exps/s_detections_stride12/vis/frame000220annotated_for_vlm_w_edges.jpg
[2025-01-31 11:15:42,254][DEBUG][m:optional_wandb_wrapper][fn:method][ln:139] - Skipping optional wandb call to 'log' because wandb usage is disabled.
[2025-01-31 11:15:42,301][DEBUG][m:optional_wandb_wrapper][fn:method][ln:139] - Skipping optional wandb call to 'log' because wandb usage is disabled.
[2025-01-31 11:15:42,302][DEBUG][m:optional_wandb_wrapper][fn:method][ln:139] - Skipping optional wandb call to 'log' because wandb usage is disabled.
[2025-01-31 11:15:42,332][DEBUG][m:PngImagePlugin][fn:call][ln:198] - STREAM b'IHDR' 16 13
[2025-01-31 11:15:42,332][DEBUG][m:PngImagePlugin][fn:call][ln:198] - STREAM b'IDAT' 41 8192
[2025-01-31 11:15:42,332][DEBUG][m:PngImagePlugin][fn:call][ln:198] - STREAM b'IHDR' 16 13
[2025-01-31 11:15:42,333][DEBUG][m:PngImagePlugin][fn:call][ln:198] - STREAM b'IDAT' 41 8192
[2025-01-31 11:15:42,349][DEBUG][m:Image][fn:close][ln:637] - Error closing: Operation on closed image
[2025-01-31 11:15:43,103][WARNING][m:optional_rerun_wrapper][fn:orr_log_vlm_image][ln:132] - VLM image not found at path: /home/ubuntu/local_data/Replica/office0/exps/s_detections_stride12/vis/frame000230annotated_for_vlm.jpg
[2025-01-31 11:15:43,103][WARNING][m:optional_rerun_wrapper][fn:orr_log_vlm_image][ln:132] - VLM image not found at path: /home/ubuntu/local_data/Replica/office0/exps/s_detections_stride12/vis/frame000230annotated_for_vlm_w_edges.jpg
[2025-01-31 11:15:43,506][DEBUG][m:optional_wandb_wrapper][fn:method][ln:139] - Skipping optional wandb call to 'log' because wandb usage is disabled.
[2025-01-31 11:15:43,553][DEBUG][m:optional_wandb_wrapper][fn:method][ln:139] - Skipping optional wandb call to 'log' because wandb usage is disabled.
[2025-01-31 11:15:43,553][DEBUG][m:optional_wandb_wrapper][fn:method][ln:139] - Skipping optional wandb call to 'log' because wandb usage is disabled.
[2025-01-31 11:15:43,586][DEBUG][m:PngImagePlugin][fn:call][ln:198] - STREAM b'IHDR' 16 13
[2025-01-31 11:15:43,586][DEBUG][m:PngImagePlugin][fn:call][ln:198] - STREAM b'IDAT' 41 8192
[2025-01-31 11:15:43,586][DEBUG][m:PngImagePlugin][fn:call][ln:198] - STREAM b'IHDR' 16 13
[2025-01-31 11:15:43,586][DEBUG][m:PngImagePlugin][fn:call][ln:198] - STREAM b'IDAT' 41 8192
[2025-01-31 11:15:43,603][DEBUG][m:Image][fn:close][ln:637] - Error closing: Operation on closed image
[2025-01-31 11:15:44,493][WARNING][m:optional_rerun_wrapper][fn:orr_log_vlm_image][ln:132] - VLM image not found at path: /home/ubuntu/local_data/Replica/office0/exps/s_detections_stride12/vis/frame000240annotated_for_vlm.jpg
[2025-01-31 11:15:44,493][WARNING][m:optional_rerun_wrapper][fn:orr_log_vlm_image][ln:132] - VLM image not found at path: /home/ubuntu/local_data/Replica/office0/exps/s_detections_stride12/vis/frame000240annotated_for_vlm_w_edges.jpg
[2025-01-31 11:15:44,852][DEBUG][m:optional_wandb_wrapper][fn:method][ln:139] - Skipping optional wandb call to 'log' because wandb usage is disabled.
[2025-01-31 11:15:44,853][DEBUG][m:utils][fn:denoise_objects][ln:663] - Starting denoising with 17 objects
[2025-01-31 11:15:44,883][DEBUG][m:utils][fn:denoise_objects][ln:685] - Finished denoising object 0 out of 17
[2025-01-31 11:15:44,883][DEBUG][m:utils][fn:denoise_objects][ln:690] - before denoising: 2944, after denoising: 2944
[2025-01-31 11:15:44,919][DEBUG][m:utils][fn:denoise_objects][ln:685] - Finished denoising object 1 out of 17
[2025-01-31 11:15:44,919][DEBUG][m:utils][fn:denoise_objects][ln:690] - before denoising: 3135, after denoising: 3135
[2025-01-31 11:15:45,047][DEBUG][m:utils][fn:denoise_objects][ln:685] - Finished denoising object 2 out of 17
[2025-01-31 11:15:45,047][DEBUG][m:utils][fn:denoise_objects][ln:690] - before denoising: 12315, after denoising: 12315
[2025-01-31 11:15:45,125][DEBUG][m:utils][fn:denoise_objects][ln:685] - Finished denoising object 3 out of 17
[2025-01-31 11:15:45,126][DEBUG][m:utils][fn:denoise_objects][ln:690] - before denoising: 6443, after denoising: 6443
[2025-01-31 11:15:45,294][DEBUG][m:utils][fn:denoise_objects][ln:685] - Finished denoising object 4 out of 17
[2025-01-31 11:15:45,294][DEBUG][m:utils][fn:denoise_objects][ln:690] - before denoising: 18977, after denoising: 18977
[2025-01-31 11:15:45,562][DEBUG][m:utils][fn:denoise_objects][ln:685] - Finished denoising object 5 out of 17
[2025-01-31 11:15:45,562][DEBUG][m:utils][fn:denoise_objects][ln:690] - before denoising: 25078, after denoising: 25078
[2025-01-31 11:15:45,608][DEBUG][m:utils][fn:denoise_objects][ln:685] - Finished denoising object 6 out of 17
[2025-01-31 11:15:45,608][DEBUG][m:utils][fn:denoise_objects][ln:690] - before denoising: 4946, after denoising: 4946
[2025-01-31 11:15:45,645][DEBUG][m:utils][fn:denoise_objects][ln:685] - Finished denoising object 7 out of 17
[2025-01-31 11:15:45,645][DEBUG][m:utils][fn:denoise_objects][ln:690] - before denoising: 3371, after denoising: 3371
[2025-01-31 11:15:45,646][DEBUG][m:utils][fn:denoise_objects][ln:685] - Finished denoising object 8 out of 17
[2025-01-31 11:15:45,646][DEBUG][m:utils][fn:denoise_objects][ln:690] - before denoising: 121, after denoising: 121
[2025-01-31 11:15:45,678][DEBUG][m:utils][fn:denoise_objects][ln:685] - Finished denoising object 9 out of 17
[2025-01-31 11:15:45,678][DEBUG][m:utils][fn:denoise_objects][ln:690] - before denoising: 3556, after denoising: 3556
[2025-01-31 11:15:45,683][DEBUG][m:utils][fn:denoise_objects][ln:685] - Finished denoising object 10 out of 17
[2025-01-31 11:15:45,683][DEBUG][m:utils][fn:denoise_objects][ln:690] - before denoising: 547, after denoising: 543
[2025-01-31 11:15:45,694][DEBUG][m:utils][fn:denoise_objects][ln:685] - Finished denoising object 11 out of 17
[2025-01-31 11:15:45,694][DEBUG][m:utils][fn:denoise_objects][ln:690] - before denoising: 1036, after denoising: 1036
[2025-01-31 11:15:45,745][DEBUG][m:utils][fn:denoise_objects][ln:685] - Finished denoising object 12 out of 17
[2025-01-31 11:15:45,745][DEBUG][m:utils][fn:denoise_objects][ln:690] - before denoising: 4049, after denoising: 4049
[2025-01-31 11:15:45,919][DEBUG][m:utils][fn:denoise_objects][ln:685] - Finished denoising object 13 out of 17
[2025-01-31 11:15:45,919][DEBUG][m:utils][fn:denoise_objects][ln:690] - before denoising: 16519, after denoising: 16519
[2025-01-31 11:15:46,066][DEBUG][m:utils][fn:denoise_objects][ln:685] - Finished denoising object 14 out of 17
[2025-01-31 11:15:46,066][DEBUG][m:utils][fn:denoise_objects][ln:690] - before denoising: 19564, after denoising: 18723
[2025-01-31 11:15:46,095][DEBUG][m:utils][fn:denoise_objects][ln:685] - Finished denoising object 15 out of 17
[2025-01-31 11:15:46,096][DEBUG][m:utils][fn:denoise_objects][ln:690] - before denoising: 3008, after denoising: 2949
[2025-01-31 11:15:46,101][DEBUG][m:utils][fn:denoise_objects][ln:685] - Finished denoising object 16 out of 17
[2025-01-31 11:15:46,102][DEBUG][m:utils][fn:denoise_objects][ln:690] - before denoising: 1013, after denoising: 799
[2025-01-31 11:15:46,102][DEBUG][m:utils][fn:denoise_objects][ln:691] - Finished denoising with 17 objects
[2025-01-31 11:15:46,224][DEBUG][m:optional_wandb_wrapper][fn:method][ln:139] - Skipping optional wandb call to 'log' because wandb usage is disabled.
[2025-01-31 11:15:46,224][DEBUG][m:optional_wandb_wrapper][fn:method][ln:139] - Skipping optional wandb call to 'log' because wandb usage is disabled.
[2025-01-31 11:15:46,253][DEBUG][m:PngImagePlugin][fn:call][ln:198] - STREAM b'IHDR' 16 13
[2025-01-31 11:15:46,253][DEBUG][m:PngImagePlugin][fn:call][ln:198] - STREAM b'IDAT' 41 8192
[2025-01-31 11:15:46,253][DEBUG][m:PngImagePlugin][fn:call][ln:198] - STREAM b'IHDR' 16 13
[2025-01-31 11:15:46,253][DEBUG][m:PngImagePlugin][fn:call][ln:198] - STREAM b'IDAT' 41 8192
[2025-01-31 11:15:46,267][DEBUG][m:Image][fn:close][ln:637] - Error closing: Operation on closed image
[2025-01-31 11:15:47,107][WARNING][m:optional_rerun_wrapper][fn:orr_log_vlm_image][ln:132] - VLM image not found at path: /home/ubuntu/local_data/Replica/office0/exps/s_detections_stride12/vis/frame000250annotated_for_vlm.jpg
[2025-01-31 11:15:47,108][WARNING][m:optional_rerun_wrapper][fn:orr_log_vlm_image][ln:132] - VLM image not found at path: /home/ubuntu/local_data/Replica/office0/exps/s_detections_stride12/vis/frame000250annotated_for_vlm_w_edges.jpg
[2025-01-31 11:15:47,284][DEBUG][m:optional_wandb_wrapper][fn:method][ln:139] - Skipping optional wandb call to 'log' because wandb usage is disabled.
[2025-01-31 11:15:47,336][DEBUG][m:optional_wandb_wrapper][fn:method][ln:139] - Skipping optional wandb call to 'log' because wandb usage is disabled.
[2025-01-31 11:15:47,336][DEBUG][m:optional_wandb_wrapper][fn:method][ln:139] - Skipping optional wandb call to 'log' because wandb usage is disabled.
[2025-01-31 11:15:47,364][DEBUG][m:PngImagePlugin][fn:call][ln:198] - STREAM b'IHDR' 16 13
[2025-01-31 11:15:47,364][DEBUG][m:PngImagePlugin][fn:call][ln:198] - STREAM b'IDAT' 41 8192
[2025-01-31 11:15:47,364][DEBUG][m:PngImagePlugin][fn:call][ln:198] - STREAM b'IHDR' 16 13
[2025-01-31 11:15:47,364][DEBUG][m:PngImagePlugin][fn:call][ln:198] - STREAM b'IDAT' 41 8192
[2025-01-31 11:15:47,378][DEBUG][m:Image][fn:close][ln:637] - Error closing: Operation on closed image
[2025-01-31 11:15:48,294][WARNING][m:optional_rerun_wrapper][fn:orr_log_vlm_image][ln:132] - VLM image not found at path: /home/ubuntu/local_data/Replica/office0/exps/s_detections_stride12/vis/frame000260annotated_for_vlm.jpg
[2025-01-31 11:15:48,294][WARNING][m:optional_rerun_wrapper][fn:orr_log_vlm_image][ln:132] - VLM image not found at path: /home/ubuntu/local_data/Replica/office0/exps/s_detections_stride12/vis/frame000260annotated_for_vlm_w_edges.jpg
[2025-01-31 11:15:48,524][DEBUG][m:optional_wandb_wrapper][fn:method][ln:139] - Skipping optional wandb call to 'log' because wandb usage is disabled.
[2025-01-31 11:15:48,572][DEBUG][m:optional_wandb_wrapper][fn:method][ln:139] - Skipping optional wandb call to 'log' because wandb usage is disabled.
[2025-01-31 11:15:48,572][DEBUG][m:optional_wandb_wrapper][fn:method][ln:139] - Skipping optional wandb call to 'log' because wandb usage is disabled.
[2025-01-31 11:15:48,598][DEBUG][m:PngImagePlugin][fn:call][ln:198] - STREAM b'IHDR' 16 13
[2025-01-31 11:15:48,598][DEBUG][m:PngImagePlugin][fn:call][ln:198] - STREAM b'IDAT' 41 8192
[2025-01-31 11:15:48,599][DEBUG][m:PngImagePlugin][fn:call][ln:198] - STREAM b'IHDR' 16 13
[2025-01-31 11:15:48,599][DEBUG][m:PngImagePlugin][fn:call][ln:198] - STREAM b'IDAT' 41 8192
[2025-01-31 11:15:48,612][DEBUG][m:Image][fn:close][ln:637] - Error closing: Operation on closed image
[2025-01-31 11:15:49,372][WARNING][m:optional_rerun_wrapper][fn:orr_log_vlm_image][ln:132] - VLM image not found at path: /home/ubuntu/local_data/Replica/office0/exps/s_detections_stride12/vis/frame000270annotated_for_vlm.jpg
[2025-01-31 11:15:49,372][WARNING][m:optional_rerun_wrapper][fn:orr_log_vlm_image][ln:132] - VLM image not found at path: /home/ubuntu/local_data/Replica/office0/exps/s_detections_stride12/vis/frame000270annotated_for_vlm_w_edges.jpg
[2025-01-31 11:15:49,493][DEBUG][m:optional_wandb_wrapper][fn:method][ln:139] - Skipping optional wandb call to 'log' because wandb usage is disabled.
[2025-01-31 11:15:49,538][DEBUG][m:optional_wandb_wrapper][fn:method][ln:139] - Skipping optional wandb call to 'log' because wandb usage is disabled.
[2025-01-31 11:15:49,538][DEBUG][m:optional_wandb_wrapper][fn:method][ln:139] - Skipping optional wandb call to 'log' because wandb usage is disabled.
[2025-01-31 11:15:49,566][DEBUG][m:PngImagePlugin][fn:call][ln:198] - STREAM b'IHDR' 16 13
[2025-01-31 11:15:49,566][DEBUG][m:PngImagePlugin][fn:call][ln:198] - STREAM b'IDAT' 41 8192
[2025-01-31 11:15:49,566][DEBUG][m:PngImagePlugin][fn:call][ln:198] - STREAM b'IHDR' 16 13
[2025-01-31 11:15:49,566][DEBUG][m:PngImagePlugin][fn:call][ln:198] - STREAM b'IDAT' 41 8192
[2025-01-31 11:15:49,581][DEBUG][m:Image][fn:close][ln:637] - Error closing: Operation on closed image
[2025-01-31 11:15:50,334][WARNING][m:optional_rerun_wrapper][fn:orr_log_vlm_image][ln:132] - VLM image not found at path: /home/ubuntu/local_data/Replica/office0/exps/s_detections_stride12/vis/frame000280annotated_for_vlm.jpg
[2025-01-31 11:15:50,334][WARNING][m:optional_rerun_wrapper][fn:orr_log_vlm_image][ln:132] - VLM image not found at path: /home/ubuntu/local_data/Replica/office0/exps/s_detections_stride12/vis/frame000280annotated_for_vlm_w_edges.jpg
[2025-01-31 11:15:50,335][DEBUG][m:utils][fn:filter_gobs][ln:862] - Skipped due to large bounding box area ratio - Class: refrigerator, Area Ratio: 0.5615
[2025-01-31 11:15:50,526][DEBUG][m:optional_wandb_wrapper][fn:method][ln:139] - Skipping optional wandb call to 'log' because wandb usage is disabled.
[2025-01-31 11:15:50,574][DEBUG][m:optional_wandb_wrapper][fn:method][ln:139] - Skipping optional wandb call to 'log' because wandb usage is disabled.
[2025-01-31 11:15:50,574][DEBUG][m:optional_wandb_wrapper][fn:method][ln:139] - Skipping optional wandb call to 'log' because wandb usage is disabled.
[2025-01-31 11:15:50,601][DEBUG][m:PngImagePlugin][fn:call][ln:198] - STREAM b'IHDR' 16 13
[2025-01-31 11:15:50,601][DEBUG][m:PngImagePlugin][fn:call][ln:198] - STREAM b'IDAT' 41 8192
[2025-01-31 11:15:50,601][DEBUG][m:PngImagePlugin][fn:call][ln:198] - STREAM b'IHDR' 16 13
[2025-01-31 11:15:50,601][DEBUG][m:PngImagePlugin][fn:call][ln:198] - STREAM b'IDAT' 41 8192
[2025-01-31 11:15:50,615][DEBUG][m:Image][fn:close][ln:637] - Error closing: Operation on closed image
[2025-01-31 11:15:51,445][WARNING][m:optional_rerun_wrapper][fn:orr_log_vlm_image][ln:132] - VLM image not found at path: /home/ubuntu/local_data/Replica/office0/exps/s_detections_stride12/vis/frame000290annotated_for_vlm.jpg
[2025-01-31 11:15:51,445][WARNING][m:optional_rerun_wrapper][fn:orr_log_vlm_image][ln:132] - VLM image not found at path: /home/ubuntu/local_data/Replica/office0/exps/s_detections_stride12/vis/frame000290annotated_for_vlm_w_edges.jpg
[2025-01-31 11:15:51,446][DEBUG][m:utils][fn:filter_gobs][ln:862] - Skipped due to large bounding box area ratio - Class: refrigerator, Area Ratio: 0.6402
[2025-01-31 11:15:51,523][DEBUG][m:optional_wandb_wrapper][fn:method][ln:139] - Skipping optional wandb call to 'log' because wandb usage is disabled.
[2025-01-31 11:15:51,523][DEBUG][m:utils][fn:denoise_objects][ln:663] - Starting denoising with 17 objects
[2025-01-31 11:15:51,559][DEBUG][m:utils][fn:denoise_objects][ln:685] - Finished denoising object 0 out of 17
[2025-01-31 11:15:51,559][DEBUG][m:utils][fn:denoise_objects][ln:690] - before denoising: 2944, after denoising: 2944
[2025-01-31 11:15:51,597][DEBUG][m:utils][fn:denoise_objects][ln:685] - Finished denoising object 1 out of 17
[2025-01-31 11:15:51,597][DEBUG][m:utils][fn:denoise_objects][ln:690] - before denoising: 3135, after denoising: 3135
[2025-01-31 11:15:51,744][DEBUG][m:utils][fn:denoise_objects][ln:685] - Finished denoising object 2 out of 17
[2025-01-31 11:15:51,744][DEBUG][m:utils][fn:denoise_objects][ln:690] - before denoising: 12315, after denoising: 12315
[2025-01-31 11:15:51,835][DEBUG][m:utils][fn:denoise_objects][ln:685] - Finished denoising object 3 out of 17
[2025-01-31 11:15:51,835][DEBUG][m:utils][fn:denoise_objects][ln:690] - before denoising: 6443, after denoising: 6443
[2025-01-31 11:15:51,997][DEBUG][m:utils][fn:denoise_objects][ln:685] - Finished denoising object 4 out of 17
[2025-01-31 11:15:51,998][DEBUG][m:utils][fn:denoise_objects][ln:690] - before denoising: 18977, after denoising: 18977
[2025-01-31 11:15:52,247][DEBUG][m:utils][fn:denoise_objects][ln:685] - Finished denoising object 5 out of 17
[2025-01-31 11:15:52,248][DEBUG][m:utils][fn:denoise_objects][ln:690] - before denoising: 23931, after denoising: 23803
[2025-01-31 11:15:52,301][DEBUG][m:utils][fn:denoise_objects][ln:685] - Finished denoising object 6 out of 17
[2025-01-31 11:15:52,301][DEBUG][m:utils][fn:denoise_objects][ln:690] - before denoising: 4946, after denoising: 4946
[2025-01-31 11:15:52,345][DEBUG][m:utils][fn:denoise_objects][ln:685] - Finished denoising object 7 out of 17
[2025-01-31 11:15:52,345][DEBUG][m:utils][fn:denoise_objects][ln:690] - before denoising: 3371, after denoising: 3371
[2025-01-31 11:15:52,346][DEBUG][m:utils][fn:denoise_objects][ln:685] - Finished denoising object 8 out of 17
[2025-01-31 11:15:52,346][DEBUG][m:utils][fn:denoise_objects][ln:690] - before denoising: 121, after denoising: 121
[2025-01-31 11:15:52,381][DEBUG][m:utils][fn:denoise_objects][ln:685] - Finished denoising object 9 out of 17
[2025-01-31 11:15:52,381][DEBUG][m:utils][fn:denoise_objects][ln:690] - before denoising: 3556, after denoising: 3556
[2025-01-31 11:15:52,386][DEBUG][m:utils][fn:denoise_objects][ln:685] - Finished denoising object 10 out of 17
[2025-01-31 11:15:52,387][DEBUG][m:utils][fn:denoise_objects][ln:690] - before denoising: 543, after denoising: 543
[2025-01-31 11:15:52,399][DEBUG][m:utils][fn:denoise_objects][ln:685] - Finished denoising object 11 out of 17
[2025-01-31 11:15:52,399][DEBUG][m:utils][fn:denoise_objects][ln:690] - before denoising: 1036, after denoising: 1036
[2025-01-31 11:15:52,456][DEBUG][m:utils][fn:denoise_objects][ln:685] - Finished denoising object 12 out of 17
[2025-01-31 11:15:52,456][DEBUG][m:utils][fn:denoise_objects][ln:690] - before denoising: 4049, after denoising: 4049
[2025-01-31 11:15:52,694][DEBUG][m:utils][fn:denoise_objects][ln:685] - Finished denoising object 13 out of 17
[2025-01-31 11:15:52,694][DEBUG][m:utils][fn:denoise_objects][ln:690] - before denoising: 21050, after denoising: 21048
[2025-01-31 11:15:52,911][DEBUG][m:utils][fn:denoise_objects][ln:685] - Finished denoising object 14 out of 17
[2025-01-31 11:15:52,911][DEBUG][m:utils][fn:denoise_objects][ln:690] - before denoising: 22677, after denoising: 22677
[2025-01-31 11:15:52,939][DEBUG][m:utils][fn:denoise_objects][ln:685] - Finished denoising object 15 out of 17
[2025-01-31 11:15:52,939][DEBUG][m:utils][fn:denoise_objects][ln:690] - before denoising: 2949, after denoising: 2888
[2025-01-31 11:15:52,945][DEBUG][m:utils][fn:denoise_objects][ln:685] - Finished denoising object 16 out of 17
[2025-01-31 11:15:52,945][DEBUG][m:utils][fn:denoise_objects][ln:690] - before denoising: 799, after denoising: 706
[2025-01-31 11:15:52,945][DEBUG][m:utils][fn:denoise_objects][ln:691] - Finished denoising with 17 objects
[2025-01-31 11:15:53,100][DEBUG][m:optional_wandb_wrapper][fn:method][ln:139] - Skipping optional wandb call to 'log' because wandb usage is disabled.
[2025-01-31 11:15:53,101][DEBUG][m:optional_wandb_wrapper][fn:method][ln:139] - Skipping optional wandb call to 'log' because wandb usage is disabled.
[2025-01-31 11:15:53,130][DEBUG][m:PngImagePlugin][fn:call][ln:198] - STREAM b'IHDR' 16 13
[2025-01-31 11:15:53,131][DEBUG][m:PngImagePlugin][fn:call][ln:198] - STREAM b'IDAT' 41 8192
[2025-01-31 11:15:53,131][DEBUG][m:PngImagePlugin][fn:call][ln:198] - STREAM b'IHDR' 16 13
[2025-01-31 11:15:53,131][DEBUG][m:PngImagePlugin][fn:call][ln:198] - STREAM b'IDAT' 41 8192
[2025-01-31 11:15:53,145][DEBUG][m:Image][fn:close][ln:637] - Error closing: Operation on closed image
[2025-01-31 11:15:53,986][WARNING][m:optional_rerun_wrapper][fn:orr_log_vlm_image][ln:132] - VLM image not found at path: /home/ubuntu/local_data/Replica/office0/exps/s_detections_stride12/vis/frame000300annotated_for_vlm.jpg
[2025-01-31 11:15:53,986][WARNING][m:optional_rerun_wrapper][fn:orr_log_vlm_image][ln:132] - VLM image not found at path: /home/ubuntu/local_data/Replica/office0/exps/s_detections_stride12/vis/frame000300annotated_for_vlm_w_edges.jpg
[2025-01-31 11:15:53,986][DEBUG][m:utils][fn:filter_gobs][ln:862] - Skipped due to large bounding box area ratio - Class: refrigerator, Area Ratio: 0.7566
[2025-01-31 11:15:53,987][DEBUG][m:utils][fn:filter_gobs][ln:862] - Skipped due to large bounding box area ratio - Class: mini fridge, Area Ratio: 0.7530
[2025-01-31 11:15:54,018][DEBUG][m:PngImagePlugin][fn:call][ln:198] - STREAM b'IHDR' 16 13
[2025-01-31 11:15:54,018][DEBUG][m:PngImagePlugin][fn:call][ln:198] - STREAM b'IDAT' 41 8192
[2025-01-31 11:15:54,018][DEBUG][m:PngImagePlugin][fn:call][ln:198] - STREAM b'IHDR' 16 13
[2025-01-31 11:15:54,018][DEBUG][m:PngImagePlugin][fn:call][ln:198] - STREAM b'IDAT' 41 8192
[2025-01-31 11:15:54,030][DEBUG][m:Image][fn:close][ln:637] - Error closing: Operation on closed image
[2025-01-31 11:15:54,918][WARNING][m:optional_rerun_wrapper][fn:orr_log_vlm_image][ln:132] - VLM image not found at path: /home/ubuntu/local_data/Replica/office0/exps/s_detections_stride12/vis/frame000310annotated_for_vlm.jpg
[2025-01-31 11:15:54,918][WARNING][m:optional_rerun_wrapper][fn:orr_log_vlm_image][ln:132] - VLM image not found at path: /home/ubuntu/local_data/Replica/office0/exps/s_detections_stride12/vis/frame000310annotated_for_vlm_w_edges.jpg
[2025-01-31 11:15:54,918][DEBUG][m:utils][fn:filter_gobs][ln:862] - Skipped due to large bounding box area ratio - Class: refrigerator, Area Ratio: 0.8293
[2025-01-31 11:15:54,920][DEBUG][m:utils][fn:filter_gobs][ln:862] - Skipped due to large bounding box area ratio - Class: bed, Area Ratio: 0.9770
[2025-01-31 11:15:54,946][DEBUG][m:PngImagePlugin][fn:call][ln:198] - STREAM b'IHDR' 16 13
[2025-01-31 11:15:54,946][DEBUG][m:PngImagePlugin][fn:call][ln:198] - STREAM b'IDAT' 41 8192
[2025-01-31 11:15:54,946][DEBUG][m:PngImagePlugin][fn:call][ln:198] - STREAM b'IHDR' 16 13
[2025-01-31 11:15:54,947][DEBUG][m:PngImagePlugin][fn:call][ln:198] - STREAM b'IDAT' 41 8192
[2025-01-31 11:15:54,959][DEBUG][m:Image][fn:close][ln:637] - Error closing: Operation on closed image
[2025-01-31 11:15:55,658][WARNING][m:optional_rerun_wrapper][fn:orr_log_vlm_image][ln:132] - VLM image not found at path: /home/ubuntu/local_data/Replica/office0/exps/s_detections_stride12/vis/frame000320annotated_for_vlm.jpg
[2025-01-31 11:15:55,658][WARNING][m:optional_rerun_wrapper][fn:orr_log_vlm_image][ln:132] - VLM image not found at path: /home/ubuntu/local_data/Replica/office0/exps/s_detections_stride12/vis/frame000320annotated_for_vlm_w_edges.jpg
[2025-01-31 11:15:55,659][DEBUG][m:utils][fn:filter_gobs][ln:862] - Skipped due to large bounding box area ratio - Class: refrigerator, Area Ratio: 0.7984
[2025-01-31 11:15:55,712][DEBUG][m:optional_wandb_wrapper][fn:method][ln:139] - Skipping optional wandb call to 'log' because wandb usage is disabled.
[2025-01-31 11:15:55,760][DEBUG][m:optional_wandb_wrapper][fn:method][ln:139] - Skipping optional wandb call to 'log' because wandb usage is disabled.
[2025-01-31 11:15:55,760][DEBUG][m:optional_wandb_wrapper][fn:method][ln:139] - Skipping optional wandb call to 'log' because wandb usage is disabled.
[2025-01-31 11:15:55,787][DEBUG][m:PngImagePlugin][fn:call][ln:198] - STREAM b'IHDR' 16 13
[2025-01-31 11:15:55,788][DEBUG][m:PngImagePlugin][fn:call][ln:198] - STREAM b'IDAT' 41 8192
[2025-01-31 11:15:55,788][DEBUG][m:PngImagePlugin][fn:call][ln:198] - STREAM b'IHDR' 16 13
[2025-01-31 11:15:55,788][DEBUG][m:PngImagePlugin][fn:call][ln:198] - STREAM b'IDAT' 41 8192
[2025-01-31 11:15:55,803][DEBUG][m:Image][fn:close][ln:637] - Error closing: Operation on closed image
[2025-01-31 11:15:57,038][WARNING][m:optional_rerun_wrapper][fn:orr_log_vlm_image][ln:132] - VLM image not found at path: /home/ubuntu/local_data/Replica/office0/exps/s_detections_stride12/vis/frame000330annotated_for_vlm.jpg
[2025-01-31 11:15:57,038][WARNING][m:optional_rerun_wrapper][fn:orr_log_vlm_image][ln:132] - VLM image not found at path: /home/ubuntu/local_data/Replica/office0/exps/s_detections_stride12/vis/frame000330annotated_for_vlm_w_edges.jpg
[2025-01-31 11:15:57,039][DEBUG][m:utils][fn:filter_gobs][ln:862] - Skipped due to large bounding box area ratio - Class: refrigerator, Area Ratio: 0.6936
[2025-01-31 11:15:57,039][DEBUG][m:utils][fn:filter_gobs][ln:862] - Skipped due to large bounding box area ratio - Class: bathroom vanity, Area Ratio: 0.6914
[2025-01-31 11:15:57,102][DEBUG][m:optional_wandb_wrapper][fn:method][ln:139] - Skipping optional wandb call to 'log' because wandb usage is disabled.
[2025-01-31 11:15:57,152][DEBUG][m:optional_wandb_wrapper][fn:method][ln:139] - Skipping optional wandb call to 'log' because wandb usage is disabled.
[2025-01-31 11:15:57,152][DEBUG][m:optional_wandb_wrapper][fn:method][ln:139] - Skipping optional wandb call to 'log' because wandb usage is disabled.
[2025-01-31 11:15:57,178][DEBUG][m:PngImagePlugin][fn:call][ln:198] - STREAM b'IHDR' 16 13
[2025-01-31 11:15:57,178][DEBUG][m:PngImagePlugin][fn:call][ln:198] - STREAM b'IDAT' 41 8192
[2025-01-31 11:15:57,178][DEBUG][m:PngImagePlugin][fn:call][ln:198] - STREAM b'IHDR' 16 13
[2025-01-31 11:15:57,178][DEBUG][m:PngImagePlugin][fn:call][ln:198] - STREAM b'IDAT' 41 8192
[2025-01-31 11:15:57,192][DEBUG][m:Image][fn:close][ln:637] - Error closing: Operation on closed image
[2025-01-31 11:15:58,178][WARNING][m:optional_rerun_wrapper][fn:orr_log_vlm_image][ln:132] - VLM image not found at path: /home/ubuntu/local_data/Replica/office0/exps/s_detections_stride12/vis/frame000340annotated_for_vlm.jpg
[2025-01-31 11:15:58,178][WARNING][m:optional_rerun_wrapper][fn:orr_log_vlm_image][ln:132] - VLM image not found at path: /home/ubuntu/local_data/Replica/office0/exps/s_detections_stride12/vis/frame000340annotated_for_vlm_w_edges.jpg
[2025-01-31 11:15:58,179][DEBUG][m:utils][fn:filter_gobs][ln:862] - Skipped due to large bounding box area ratio - Class: refrigerator, Area Ratio: 0.5994
[2025-01-31 11:15:58,237][DEBUG][m:optional_wandb_wrapper][fn:method][ln:139] - Skipping optional wandb call to 'log' because wandb usage is disabled.
[2025-01-31 11:15:58,237][DEBUG][m:utils][fn:denoise_objects][ln:663] - Starting denoising with 18 objects
[2025-01-31 11:15:58,271][DEBUG][m:utils][fn:denoise_objects][ln:685] - Finished denoising object 0 out of 18
[2025-01-31 11:15:58,271][DEBUG][m:utils][fn:denoise_objects][ln:690] - before denoising: 2944, after denoising: 2944
[2025-01-31 11:15:58,312][DEBUG][m:utils][fn:denoise_objects][ln:685] - Finished denoising object 1 out of 18
[2025-01-31 11:15:58,312][DEBUG][m:utils][fn:denoise_objects][ln:690] - before denoising: 3135, after denoising: 3135
[2025-01-31 11:15:58,454][DEBUG][m:utils][fn:denoise_objects][ln:685] - Finished denoising object 2 out of 18
[2025-01-31 11:15:58,454][DEBUG][m:utils][fn:denoise_objects][ln:690] - before denoising: 12315, after denoising: 12315
[2025-01-31 11:15:58,545][DEBUG][m:utils][fn:denoise_objects][ln:685] - Finished denoising object 3 out of 18
[2025-01-31 11:15:58,545][DEBUG][m:utils][fn:denoise_objects][ln:690] - before denoising: 6443, after denoising: 6443
[2025-01-31 11:15:58,733][DEBUG][m:utils][fn:denoise_objects][ln:685] - Finished denoising object 4 out of 18
[2025-01-31 11:15:58,733][DEBUG][m:utils][fn:denoise_objects][ln:690] - before denoising: 18977, after denoising: 18977
[2025-01-31 11:15:58,997][DEBUG][m:utils][fn:denoise_objects][ln:685] - Finished denoising object 5 out of 18
[2025-01-31 11:15:58,997][DEBUG][m:utils][fn:denoise_objects][ln:690] - before denoising: 23803, after denoising: 23803
[2025-01-31 11:15:59,047][DEBUG][m:utils][fn:denoise_objects][ln:685] - Finished denoising object 6 out of 18
[2025-01-31 11:15:59,047][DEBUG][m:utils][fn:denoise_objects][ln:690] - before denoising: 4946, after denoising: 4946
[2025-01-31 11:15:59,084][DEBUG][m:utils][fn:denoise_objects][ln:685] - Finished denoising object 7 out of 18
[2025-01-31 11:15:59,084][DEBUG][m:utils][fn:denoise_objects][ln:690] - before denoising: 3371, after denoising: 3371
[2025-01-31 11:15:59,085][DEBUG][m:utils][fn:denoise_objects][ln:685] - Finished denoising object 8 out of 18
[2025-01-31 11:15:59,085][DEBUG][m:utils][fn:denoise_objects][ln:690] - before denoising: 121, after denoising: 121
[2025-01-31 11:15:59,117][DEBUG][m:utils][fn:denoise_objects][ln:685] - Finished denoising object 9 out of 18
[2025-01-31 11:15:59,117][DEBUG][m:utils][fn:denoise_objects][ln:690] - before denoising: 3556, after denoising: 3556
[2025-01-31 11:15:59,121][DEBUG][m:utils][fn:denoise_objects][ln:685] - Finished denoising object 10 out of 18
[2025-01-31 11:15:59,121][DEBUG][m:utils][fn:denoise_objects][ln:690] - before denoising: 543, after denoising: 543
[2025-01-31 11:15:59,132][DEBUG][m:utils][fn:denoise_objects][ln:685] - Finished denoising object 11 out of 18
[2025-01-31 11:15:59,132][DEBUG][m:utils][fn:denoise_objects][ln:690] - before denoising: 1036, after denoising: 1036
[2025-01-31 11:15:59,182][DEBUG][m:utils][fn:denoise_objects][ln:685] - Finished denoising object 12 out of 18
[2025-01-31 11:15:59,182][DEBUG][m:utils][fn:denoise_objects][ln:690] - before denoising: 4049, after denoising: 4049
[2025-01-31 11:15:59,402][DEBUG][m:utils][fn:denoise_objects][ln:685] - Finished denoising object 13 out of 18
[2025-01-31 11:15:59,402][DEBUG][m:utils][fn:denoise_objects][ln:690] - before denoising: 21048, after denoising: 21048
[2025-01-31 11:15:59,603][DEBUG][m:utils][fn:denoise_objects][ln:685] - Finished denoising object 14 out of 18
[2025-01-31 11:15:59,604][DEBUG][m:utils][fn:denoise_objects][ln:690] - before denoising: 22677, after denoising: 22677
[2025-01-31 11:15:59,632][DEBUG][m:utils][fn:denoise_objects][ln:685] - Finished denoising object 15 out of 18
[2025-01-31 11:15:59,632][DEBUG][m:utils][fn:denoise_objects][ln:690] - before denoising: 2888, after denoising: 2888
[2025-01-31 11:15:59,638][DEBUG][m:utils][fn:denoise_objects][ln:685] - Finished denoising object 16 out of 18
[2025-01-31 11:15:59,638][DEBUG][m:utils][fn:denoise_objects][ln:690] - before denoising: 706, after denoising: 706
[2025-01-31 11:15:59,713][DEBUG][m:utils][fn:denoise_objects][ln:685] - Finished denoising object 17 out of 18
[2025-01-31 11:15:59,713][DEBUG][m:utils][fn:denoise_objects][ln:690] - before denoising: 9209, after denoising: 9171
[2025-01-31 11:15:59,713][DEBUG][m:utils][fn:denoise_objects][ln:691] - Finished denoising with 18 objects
[2025-01-31 11:15:59,858][DEBUG][m:optional_wandb_wrapper][fn:method][ln:139] - Skipping optional wandb call to 'log' because wandb usage is disabled.
[2025-01-31 11:15:59,858][DEBUG][m:optional_wandb_wrapper][fn:method][ln:139] - Skipping optional wandb call to 'log' because wandb usage is disabled.
[2025-01-31 11:15:59,888][DEBUG][m:PngImagePlugin][fn:call][ln:198] - STREAM b'IHDR' 16 13
[2025-01-31 11:15:59,888][DEBUG][m:PngImagePlugin][fn:call][ln:198] - STREAM b'IDAT' 41 8192
[2025-01-31 11:15:59,889][DEBUG][m:PngImagePlugin][fn:call][ln:198] - STREAM b'IHDR' 16 13
[2025-01-31 11:15:59,889][DEBUG][m:PngImagePlugin][fn:call][ln:198] - STREAM b'IDAT' 41 8192
[2025-01-31 11:15:59,905][DEBUG][m:Image][fn:close][ln:637] - Error closing: Operation on closed image
[2025-01-31 11:16:01,530][WARNING][m:optional_rerun_wrapper][fn:orr_log_vlm_image][ln:132] - VLM image not found at path: /home/ubuntu/local_data/Replica/office0/exps/s_detections_stride12/vis/frame000350annotated_for_vlm.jpg
[2025-01-31 11:16:01,530][WARNING][m:optional_rerun_wrapper][fn:orr_log_vlm_image][ln:132] - VLM image not found at path: /home/ubuntu/local_data/Replica/office0/exps/s_detections_stride12/vis/frame000350annotated_for_vlm_w_edges.jpg
[2025-01-31 11:16:01,533][DEBUG][m:utils][fn:filter_gobs][ln:862] - Skipped due to large bounding box area ratio - Class: closet wall, Area Ratio: 0.5296
[2025-01-31 11:16:01,535][DEBUG][m:utils][fn:filter_gobs][ln:862] - Skipped due to large bounding box area ratio - Class: bathroom vanity, Area Ratio: 0.5251
[2025-01-31 11:16:01,536][DEBUG][m:utils][fn:filter_gobs][ln:862] - Skipped due to large bounding box area ratio - Class: shower wall, Area Ratio: 0.5276
[2025-01-31 11:16:01,591][DEBUG][m:optional_wandb_wrapper][fn:method][ln:139] - Skipping optional wandb call to 'log' because wandb usage is disabled.
[2025-01-31 11:16:01,641][DEBUG][m:optional_wandb_wrapper][fn:method][ln:139] - Skipping optional wandb call to 'log' because wandb usage is disabled.
[2025-01-31 11:16:01,641][DEBUG][m:optional_wandb_wrapper][fn:method][ln:139] - Skipping optional wandb call to 'log' because wandb usage is disabled.
[2025-01-31 11:16:01,671][DEBUG][m:PngImagePlugin][fn:call][ln:198] - STREAM b'IHDR' 16 13
[2025-01-31 11:16:01,672][DEBUG][m:PngImagePlugin][fn:call][ln:198] - STREAM b'IDAT' 41 8192
[2025-01-31 11:16:01,672][DEBUG][m:PngImagePlugin][fn:call][ln:198] - STREAM b'IHDR' 16 13
[2025-01-31 11:16:01,672][DEBUG][m:PngImagePlugin][fn:call][ln:198] - STREAM b'IDAT' 41 8192
[2025-01-31 11:16:01,688][DEBUG][m:Image][fn:close][ln:637] - Error closing: Operation on closed image
[2025-01-31 11:16:02,879][WARNING][m:optional_rerun_wrapper][fn:orr_log_vlm_image][ln:132] - VLM image not found at path: /home/ubuntu/local_data/Replica/office0/exps/s_detections_stride12/vis/frame000360annotated_for_vlm.jpg
[2025-01-31 11:16:02,879][WARNING][m:optional_rerun_wrapper][fn:orr_log_vlm_image][ln:132] - VLM image not found at path: /home/ubuntu/local_data/Replica/office0/exps/s_detections_stride12/vis/frame000360annotated_for_vlm_w_edges.jpg
[2025-01-31 11:16:02,960][DEBUG][m:optional_wandb_wrapper][fn:method][ln:139] - Skipping optional wandb call to 'log' because wandb usage is disabled.
[2025-01-31 11:16:03,013][DEBUG][m:optional_wandb_wrapper][fn:method][ln:139] - Skipping optional wandb call to 'log' because wandb usage is disabled.
[2025-01-31 11:16:03,013][DEBUG][m:optional_wandb_wrapper][fn:method][ln:139] - Skipping optional wandb call to 'log' because wandb usage is disabled.
[2025-01-31 11:16:03,044][DEBUG][m:PngImagePlugin][fn:call][ln:198] - STREAM b'IHDR' 16 13
[2025-01-31 11:16:03,045][DEBUG][m:PngImagePlugin][fn:call][ln:198] - STREAM b'IDAT' 41 8192
[2025-01-31 11:16:03,045][DEBUG][m:PngImagePlugin][fn:call][ln:198] - STREAM b'IHDR' 16 13
[2025-01-31 11:16:03,045][DEBUG][m:PngImagePlugin][fn:call][ln:198] - STREAM b'IDAT' 41 8192
[2025-01-31 11:16:03,061][DEBUG][m:Image][fn:close][ln:637] - Error closing: Operation on closed image
[2025-01-31 11:16:04,259][WARNING][m:optional_rerun_wrapper][fn:orr_log_vlm_image][ln:132] - VLM image not found at path: /home/ubuntu/local_data/Replica/office0/exps/s_detections_stride12/vis/frame000370annotated_for_vlm.jpg
[2025-01-31 11:16:04,259][WARNING][m:optional_rerun_wrapper][fn:orr_log_vlm_image][ln:132] - VLM image not found at path: /home/ubuntu/local_data/Replica/office0/exps/s_detections_stride12/vis/frame000370annotated_for_vlm_w_edges.jpg
[2025-01-31 11:16:04,401][DEBUG][m:optional_wandb_wrapper][fn:method][ln:139] - Skipping optional wandb call to 'log' because wandb usage is disabled.
[2025-01-31 11:16:04,454][DEBUG][m:optional_wandb_wrapper][fn:method][ln:139] - Skipping optional wandb call to 'log' because wandb usage is disabled.
[2025-01-31 11:16:04,454][DEBUG][m:optional_wandb_wrapper][fn:method][ln:139] - Skipping optional wandb call to 'log' because wandb usage is disabled.
[2025-01-31 11:16:04,481][DEBUG][m:PngImagePlugin][fn:call][ln:198] - STREAM b'IHDR' 16 13
[2025-01-31 11:16:04,481][DEBUG][m:PngImagePlugin][fn:call][ln:198] - STREAM b'IDAT' 41 8192
[2025-01-31 11:16:04,481][DEBUG][m:PngImagePlugin][fn:call][ln:198] - STREAM b'IHDR' 16 13
[2025-01-31 11:16:04,481][DEBUG][m:PngImagePlugin][fn:call][ln:198] - STREAM b'IDAT' 41 8192
[2025-01-31 11:16:04,495][DEBUG][m:Image][fn:close][ln:637] - Error closing: Operation on closed image
[2025-01-31 11:16:05,874][WARNING][m:optional_rerun_wrapper][fn:orr_log_vlm_image][ln:132] - VLM image not found at path: /home/ubuntu/local_data/Replica/office0/exps/s_detections_stride12/vis/frame000380annotated_for_vlm.jpg
[2025-01-31 11:16:05,874][WARNING][m:optional_rerun_wrapper][fn:orr_log_vlm_image][ln:132] - VLM image not found at path: /home/ubuntu/local_data/Replica/office0/exps/s_detections_stride12/vis/frame000380annotated_for_vlm_w_edges.jpg
[2025-01-31 11:16:06,097][DEBUG][m:optional_wandb_wrapper][fn:method][ln:139] - Skipping optional wandb call to 'log' because wandb usage is disabled.
[2025-01-31 11:16:06,157][DEBUG][m:optional_wandb_wrapper][fn:method][ln:139] - Skipping optional wandb call to 'log' because wandb usage is disabled.
[2025-01-31 11:16:06,157][DEBUG][m:optional_wandb_wrapper][fn:method][ln:139] - Skipping optional wandb call to 'log' because wandb usage is disabled.
[2025-01-31 11:16:06,187][DEBUG][m:PngImagePlugin][fn:call][ln:198] - STREAM b'IHDR' 16 13
[2025-01-31 11:16:06,187][DEBUG][m:PngImagePlugin][fn:call][ln:198] - STREAM b'IDAT' 41 8192
[2025-01-31 11:16:06,187][DEBUG][m:PngImagePlugin][fn:call][ln:198] - STREAM b'IHDR' 16 13
[2025-01-31 11:16:06,187][DEBUG][m:PngImagePlugin][fn:call][ln:198] - STREAM b'IDAT' 41 8192
[2025-01-31 11:16:06,203][DEBUG][m:Image][fn:close][ln:637] - Error closing: Operation on closed image
[2025-01-31 11:16:07,266][WARNING][m:optional_rerun_wrapper][fn:orr_log_vlm_image][ln:132] - VLM image not found at path: /home/ubuntu/local_data/Replica/office0/exps/s_detections_stride12/vis/frame000390annotated_for_vlm.jpg
[2025-01-31 11:16:07,266][WARNING][m:optional_rerun_wrapper][fn:orr_log_vlm_image][ln:132] - VLM image not found at path: /home/ubuntu/local_data/Replica/office0/exps/s_detections_stride12/vis/frame000390annotated_for_vlm_w_edges.jpg
[2025-01-31 11:16:07,488][DEBUG][m:optional_wandb_wrapper][fn:method][ln:139] - Skipping optional wandb call to 'log' because wandb usage is disabled.
[2025-01-31 11:16:07,488][DEBUG][m:utils][fn:denoise_objects][ln:663] - Starting denoising with 24 objects
[2025-01-31 11:16:07,521][DEBUG][m:utils][fn:denoise_objects][ln:685] - Finished denoising object 0 out of 24
[2025-01-31 11:16:07,522][DEBUG][m:utils][fn:denoise_objects][ln:690] - before denoising: 2944, after denoising: 2944
[2025-01-31 11:16:07,561][DEBUG][m:utils][fn:denoise_objects][ln:685] - Finished denoising object 1 out of 24
[2025-01-31 11:16:07,561][DEBUG][m:utils][fn:denoise_objects][ln:690] - before denoising: 3135, after denoising: 3135
[2025-01-31 11:16:07,696][DEBUG][m:utils][fn:denoise_objects][ln:685] - Finished denoising object 2 out of 24
[2025-01-31 11:16:07,696][DEBUG][m:utils][fn:denoise_objects][ln:690] - before denoising: 12315, after denoising: 12315
[2025-01-31 11:16:07,777][DEBUG][m:utils][fn:denoise_objects][ln:685] - Finished denoising object 3 out of 24
[2025-01-31 11:16:07,777][DEBUG][m:utils][fn:denoise_objects][ln:690] - before denoising: 6443, after denoising: 6443
[2025-01-31 11:16:07,939][DEBUG][m:utils][fn:denoise_objects][ln:685] - Finished denoising object 4 out of 24
[2025-01-31 11:16:07,939][DEBUG][m:utils][fn:denoise_objects][ln:690] - before denoising: 18977, after denoising: 18977
[2025-01-31 11:16:08,177][DEBUG][m:utils][fn:denoise_objects][ln:685] - Finished denoising object 5 out of 24
[2025-01-31 11:16:08,178][DEBUG][m:utils][fn:denoise_objects][ln:690] - before denoising: 23803, after denoising: 23803
[2025-01-31 11:16:08,228][DEBUG][m:utils][fn:denoise_objects][ln:685] - Finished denoising object 6 out of 24
[2025-01-31 11:16:08,229][DEBUG][m:utils][fn:denoise_objects][ln:690] - before denoising: 4946, after denoising: 4946
[2025-01-31 11:16:08,272][DEBUG][m:utils][fn:denoise_objects][ln:685] - Finished denoising object 7 out of 24
[2025-01-31 11:16:08,272][DEBUG][m:utils][fn:denoise_objects][ln:690] - before denoising: 3371, after denoising: 3371
[2025-01-31 11:16:08,273][DEBUG][m:utils][fn:denoise_objects][ln:685] - Finished denoising object 8 out of 24
[2025-01-31 11:16:08,273][DEBUG][m:utils][fn:denoise_objects][ln:690] - before denoising: 121, after denoising: 121
[2025-01-31 11:16:08,308][DEBUG][m:utils][fn:denoise_objects][ln:685] - Finished denoising object 9 out of 24
[2025-01-31 11:16:08,309][DEBUG][m:utils][fn:denoise_objects][ln:690] - before denoising: 3556, after denoising: 3556
[2025-01-31 11:16:08,314][DEBUG][m:utils][fn:denoise_objects][ln:685] - Finished denoising object 10 out of 24
[2025-01-31 11:16:08,314][DEBUG][m:utils][fn:denoise_objects][ln:690] - before denoising: 543, after denoising: 543
[2025-01-31 11:16:08,327][DEBUG][m:utils][fn:denoise_objects][ln:685] - Finished denoising object 11 out of 24
[2025-01-31 11:16:08,327][DEBUG][m:utils][fn:denoise_objects][ln:690] - before denoising: 1036, after denoising: 1036
[2025-01-31 11:16:08,382][DEBUG][m:utils][fn:denoise_objects][ln:685] - Finished denoising object 12 out of 24
[2025-01-31 11:16:08,382][DEBUG][m:utils][fn:denoise_objects][ln:690] - before denoising: 4049, after denoising: 4049
[2025-01-31 11:16:08,626][DEBUG][m:utils][fn:denoise_objects][ln:685] - Finished denoising object 13 out of 24
[2025-01-31 11:16:08,626][DEBUG][m:utils][fn:denoise_objects][ln:690] - before denoising: 21048, after denoising: 21048
[2025-01-31 11:16:08,891][DEBUG][m:utils][fn:denoise_objects][ln:685] - Finished denoising object 14 out of 24
[2025-01-31 11:16:08,892][DEBUG][m:utils][fn:denoise_objects][ln:690] - before denoising: 25527, after denoising: 25527
[2025-01-31 11:16:08,922][DEBUG][m:utils][fn:denoise_objects][ln:685] - Finished denoising object 15 out of 24
[2025-01-31 11:16:08,923][DEBUG][m:utils][fn:denoise_objects][ln:690] - before denoising: 2888, after denoising: 2888
[2025-01-31 11:16:08,929][DEBUG][m:utils][fn:denoise_objects][ln:685] - Finished denoising object 16 out of 24
[2025-01-31 11:16:08,929][DEBUG][m:utils][fn:denoise_objects][ln:690] - before denoising: 706, after denoising: 706
[2025-01-31 11:16:09,144][DEBUG][m:utils][fn:denoise_objects][ln:685] - Finished denoising object 17 out of 24
[2025-01-31 11:16:09,144][DEBUG][m:utils][fn:denoise_objects][ln:690] - before denoising: 21037, after denoising: 21037
[2025-01-31 11:16:09,156][DEBUG][m:utils][fn:denoise_objects][ln:685] - Finished denoising object 18 out of 24
[2025-01-31 11:16:09,156][DEBUG][m:utils][fn:denoise_objects][ln:690] - before denoising: 1070, after denoising: 1070
[2025-01-31 11:16:09,168][DEBUG][m:utils][fn:denoise_objects][ln:685] - Finished denoising object 19 out of 24
[2025-01-31 11:16:09,168][DEBUG][m:utils][fn:denoise_objects][ln:690] - before denoising: 1264, after denoising: 1258
[2025-01-31 11:16:09,182][DEBUG][m:utils][fn:denoise_objects][ln:685] - Finished denoising object 20 out of 24
[2025-01-31 11:16:09,183][DEBUG][m:utils][fn:denoise_objects][ln:690] - before denoising: 4929, after denoising: 4875
[2025-01-31 11:16:09,189][DEBUG][m:utils][fn:denoise_objects][ln:685] - Finished denoising object 21 out of 24
[2025-01-31 11:16:09,189][DEBUG][m:utils][fn:denoise_objects][ln:690] - before denoising: 807, after denoising: 791
[2025-01-31 11:16:09,198][DEBUG][m:utils][fn:denoise_objects][ln:685] - Finished denoising object 22 out of 24
[2025-01-31 11:16:09,199][DEBUG][m:utils][fn:denoise_objects][ln:690] - before denoising: 649, after denoising: 649
[2025-01-31 11:16:09,218][DEBUG][m:utils][fn:denoise_objects][ln:685] - Finished denoising object 23 out of 24
[2025-01-31 11:16:09,218][DEBUG][m:utils][fn:denoise_objects][ln:690] - before denoising: 2688, after denoising: 2365
[2025-01-31 11:16:09,218][DEBUG][m:utils][fn:denoise_objects][ln:691] - Finished denoising with 24 objects
[2025-01-31 11:16:09,483][DEBUG][m:optional_wandb_wrapper][fn:method][ln:139] - Skipping optional wandb call to 'log' because wandb usage is disabled.
[2025-01-31 11:16:09,483][DEBUG][m:optional_wandb_wrapper][fn:method][ln:139] - Skipping optional wandb call to 'log' because wandb usage is disabled.
[2025-01-31 11:16:09,510][DEBUG][m:PngImagePlugin][fn:call][ln:198] - STREAM b'IHDR' 16 13
[2025-01-31 11:16:09,510][DEBUG][m:PngImagePlugin][fn:call][ln:198] - STREAM b'IDAT' 41 8192
[2025-01-31 11:16:09,510][DEBUG][m:PngImagePlugin][fn:call][ln:198] - STREAM b'IHDR' 16 13
[2025-01-31 11:16:09,510][DEBUG][m:PngImagePlugin][fn:call][ln:198] - STREAM b'IDAT' 41 8192
[2025-01-31 11:16:09,524][DEBUG][m:Image][fn:close][ln:637] - Error closing: Operation on closed image
[2025-01-31 11:16:10,528][WARNING][m:optional_rerun_wrapper][fn:orr_log_vlm_image][ln:132] - VLM image not found at path: /home/ubuntu/local_data/Replica/office0/exps/s_detections_stride12/vis/frame000400annotated_for_vlm.jpg
[2025-01-31 11:16:10,528][WARNING][m:optional_rerun_wrapper][fn:orr_log_vlm_image][ln:132] - VLM image not found at path: /home/ubuntu/local_data/Replica/office0/exps/s_detections_stride12/vis/frame000400annotated_for_vlm_w_edges.jpg
[2025-01-31 11:16:10,748][DEBUG][m:optional_wandb_wrapper][fn:method][ln:139] - Skipping optional wandb call to 'log' because wandb usage is disabled.
[2025-01-31 11:16:10,809][DEBUG][m:optional_wandb_wrapper][fn:method][ln:139] - Skipping optional wandb call to 'log' because wandb usage is disabled.
[2025-01-31 11:16:10,809][DEBUG][m:optional_wandb_wrapper][fn:method][ln:139] - Skipping optional wandb call to 'log' because wandb usage is disabled.
[2025-01-31 11:16:10,840][DEBUG][m:PngImagePlugin][fn:call][ln:198] - STREAM b'IHDR' 16 13
[2025-01-31 11:16:10,841][DEBUG][m:PngImagePlugin][fn:call][ln:198] - STREAM b'IDAT' 41 8192
[2025-01-31 11:16:10,841][DEBUG][m:PngImagePlugin][fn:call][ln:198] - STREAM b'IHDR' 16 13
[2025-01-31 11:16:10,841][DEBUG][m:PngImagePlugin][fn:call][ln:198] - STREAM b'IDAT' 41 8192
[2025-01-31 11:16:10,855][DEBUG][m:Image][fn:close][ln:637] - Error closing: Operation on closed image
[2025-01-31 11:16:11,894][WARNING][m:optional_rerun_wrapper][fn:orr_log_vlm_image][ln:132] - VLM image not found at path: /home/ubuntu/local_data/Replica/office0/exps/s_detections_stride12/vis/frame000410annotated_for_vlm.jpg
[2025-01-31 11:16:11,894][WARNING][m:optional_rerun_wrapper][fn:orr_log_vlm_image][ln:132] - VLM image not found at path: /home/ubuntu/local_data/Replica/office0/exps/s_detections_stride12/vis/frame000410annotated_for_vlm_w_edges.jpg
[2025-01-31 11:16:12,131][DEBUG][m:optional_wandb_wrapper][fn:method][ln:139] - Skipping optional wandb call to 'log' because wandb usage is disabled.
[2025-01-31 11:16:12,198][DEBUG][m:optional_wandb_wrapper][fn:method][ln:139] - Skipping optional wandb call to 'log' because wandb usage is disabled.
[2025-01-31 11:16:12,198][DEBUG][m:optional_wandb_wrapper][fn:method][ln:139] - Skipping optional wandb call to 'log' because wandb usage is disabled.
[2025-01-31 11:16:12,224][DEBUG][m:PngImagePlugin][fn:call][ln:198] - STREAM b'IHDR' 16 13
[2025-01-31 11:16:12,224][DEBUG][m:PngImagePlugin][fn:call][ln:198] - STREAM b'IDAT' 41 8192
[2025-01-31 11:16:12,224][DEBUG][m:PngImagePlugin][fn:call][ln:198] - STREAM b'IHDR' 16 13
[2025-01-31 11:16:12,224][DEBUG][m:PngImagePlugin][fn:call][ln:198] - STREAM b'IDAT' 41 8192
[2025-01-31 11:16:12,238][DEBUG][m:Image][fn:close][ln:637] - Error closing: Operation on closed image
[2025-01-31 11:16:13,472][WARNING][m:optional_rerun_wrapper][fn:orr_log_vlm_image][ln:132] - VLM image not found at path: /home/ubuntu/local_data/Replica/office0/exps/s_detections_stride12/vis/frame000420annotated_for_vlm.jpg
[2025-01-31 11:16:13,472][WARNING][m:optional_rerun_wrapper][fn:orr_log_vlm_image][ln:132] - VLM image not found at path: /home/ubuntu/local_data/Replica/office0/exps/s_detections_stride12/vis/frame000420annotated_for_vlm_w_edges.jpg
[2025-01-31 11:16:13,622][DEBUG][m:optional_wandb_wrapper][fn:method][ln:139] - Skipping optional wandb call to 'log' because wandb usage is disabled.
[2025-01-31 11:16:13,690][DEBUG][m:optional_wandb_wrapper][fn:method][ln:139] - Skipping optional wandb call to 'log' because wandb usage is disabled.
[2025-01-31 11:16:13,690][DEBUG][m:optional_wandb_wrapper][fn:method][ln:139] - Skipping optional wandb call to 'log' because wandb usage is disabled.
[2025-01-31 11:16:13,719][DEBUG][m:PngImagePlugin][fn:call][ln:198] - STREAM b'IHDR' 16 13
[2025-01-31 11:16:13,719][DEBUG][m:PngImagePlugin][fn:call][ln:198] - STREAM b'IDAT' 41 8192
[2025-01-31 11:16:13,720][DEBUG][m:PngImagePlugin][fn:call][ln:198] - STREAM b'IHDR' 16 13
[2025-01-31 11:16:13,720][DEBUG][m:PngImagePlugin][fn:call][ln:198] - STREAM b'IDAT' 41 8192
[2025-01-31 11:16:13,736][DEBUG][m:Image][fn:close][ln:637] - Error closing: Operation on closed image
[2025-01-31 11:16:15,016][WARNING][m:optional_rerun_wrapper][fn:orr_log_vlm_image][ln:132] - VLM image not found at path: /home/ubuntu/local_data/Replica/office0/exps/s_detections_stride12/vis/frame000430annotated_for_vlm.jpg
[2025-01-31 11:16:15,016][WARNING][m:optional_rerun_wrapper][fn:orr_log_vlm_image][ln:132] - VLM image not found at path: /home/ubuntu/local_data/Replica/office0/exps/s_detections_stride12/vis/frame000430annotated_for_vlm_w_edges.jpg
[2025-01-31 11:16:15,213][DEBUG][m:optional_wandb_wrapper][fn:method][ln:139] - Skipping optional wandb call to 'log' because wandb usage is disabled.
[2025-01-31 11:16:15,282][DEBUG][m:optional_wandb_wrapper][fn:method][ln:139] - Skipping optional wandb call to 'log' because wandb usage is disabled.
[2025-01-31 11:16:15,283][DEBUG][m:optional_wandb_wrapper][fn:method][ln:139] - Skipping optional wandb call to 'log' because wandb usage is disabled.
[2025-01-31 11:16:15,311][DEBUG][m:PngImagePlugin][fn:call][ln:198] - STREAM b'IHDR' 16 13
[2025-01-31 11:16:15,311][DEBUG][m:PngImagePlugin][fn:call][ln:198] - STREAM b'IDAT' 41 8192
[2025-01-31 11:16:15,311][DEBUG][m:PngImagePlugin][fn:call][ln:198] - STREAM b'IHDR' 16 13
[2025-01-31 11:16:15,312][DEBUG][m:PngImagePlugin][fn:call][ln:198] - STREAM b'IDAT' 41 8192
[2025-01-31 11:16:15,328][DEBUG][m:Image][fn:close][ln:637] - Error closing: Operation on closed image
[2025-01-31 11:16:16,237][WARNING][m:optional_rerun_wrapper][fn:orr_log_vlm_image][ln:132] - VLM image not found at path: /home/ubuntu/local_data/Replica/office0/exps/s_detections_stride12/vis/frame000440annotated_for_vlm.jpg
[2025-01-31 11:16:16,237][WARNING][m:optional_rerun_wrapper][fn:orr_log_vlm_image][ln:132] - VLM image not found at path: /home/ubuntu/local_data/Replica/office0/exps/s_detections_stride12/vis/frame000440annotated_for_vlm_w_edges.jpg
[2025-01-31 11:16:16,409][DEBUG][m:optional_wandb_wrapper][fn:method][ln:139] - Skipping optional wandb call to 'log' because wandb usage is disabled.
[2025-01-31 11:16:16,409][DEBUG][m:utils][fn:denoise_objects][ln:663] - Starting denoising with 24 objects
[2025-01-31 11:16:16,444][DEBUG][m:utils][fn:denoise_objects][ln:685] - Finished denoising object 0 out of 24
[2025-01-31 11:16:16,444][DEBUG][m:utils][fn:denoise_objects][ln:690] - before denoising: 2944, after denoising: 2944
[2025-01-31 11:16:16,483][DEBUG][m:utils][fn:denoise_objects][ln:685] - Finished denoising object 1 out of 24
[2025-01-31 11:16:16,483][DEBUG][m:utils][fn:denoise_objects][ln:690] - before denoising: 3135, after denoising: 3135
[2025-01-31 11:16:16,630][DEBUG][m:utils][fn:denoise_objects][ln:685] - Finished denoising object 2 out of 24
[2025-01-31 11:16:16,630][DEBUG][m:utils][fn:denoise_objects][ln:690] - before denoising: 12315, after denoising: 12315
[2025-01-31 11:16:16,721][DEBUG][m:utils][fn:denoise_objects][ln:685] - Finished denoising object 3 out of 24
[2025-01-31 11:16:16,721][DEBUG][m:utils][fn:denoise_objects][ln:690] - before denoising: 6443, after denoising: 6443
[2025-01-31 11:16:16,885][DEBUG][m:utils][fn:denoise_objects][ln:685] - Finished denoising object 4 out of 24
[2025-01-31 11:16:16,885][DEBUG][m:utils][fn:denoise_objects][ln:690] - before denoising: 18977, after denoising: 18977
[2025-01-31 11:16:17,138][DEBUG][m:utils][fn:denoise_objects][ln:685] - Finished denoising object 5 out of 24
[2025-01-31 11:16:17,138][DEBUG][m:utils][fn:denoise_objects][ln:690] - before denoising: 23803, after denoising: 23803
[2025-01-31 11:16:17,190][DEBUG][m:utils][fn:denoise_objects][ln:685] - Finished denoising object 6 out of 24
[2025-01-31 11:16:17,190][DEBUG][m:utils][fn:denoise_objects][ln:690] - before denoising: 4946, after denoising: 4946
[2025-01-31 11:16:17,233][DEBUG][m:utils][fn:denoise_objects][ln:685] - Finished denoising object 7 out of 24
[2025-01-31 11:16:17,233][DEBUG][m:utils][fn:denoise_objects][ln:690] - before denoising: 3371, after denoising: 3371
[2025-01-31 11:16:17,234][DEBUG][m:utils][fn:denoise_objects][ln:685] - Finished denoising object 8 out of 24
[2025-01-31 11:16:17,235][DEBUG][m:utils][fn:denoise_objects][ln:690] - before denoising: 121, after denoising: 121
[2025-01-31 11:16:17,271][DEBUG][m:utils][fn:denoise_objects][ln:685] - Finished denoising object 9 out of 24
[2025-01-31 11:16:17,271][DEBUG][m:utils][fn:denoise_objects][ln:690] - before denoising: 3556, after denoising: 3556
[2025-01-31 11:16:17,276][DEBUG][m:utils][fn:denoise_objects][ln:685] - Finished denoising object 10 out of 24
[2025-01-31 11:16:17,276][DEBUG][m:utils][fn:denoise_objects][ln:690] - before denoising: 543, after denoising: 543
[2025-01-31 11:16:17,289][DEBUG][m:utils][fn:denoise_objects][ln:685] - Finished denoising object 11 out of 24
[2025-01-31 11:16:17,289][DEBUG][m:utils][fn:denoise_objects][ln:690] - before denoising: 1036, after denoising: 1036
[2025-01-31 11:16:17,343][DEBUG][m:utils][fn:denoise_objects][ln:685] - Finished denoising object 12 out of 24
[2025-01-31 11:16:17,344][DEBUG][m:utils][fn:denoise_objects][ln:690] - before denoising: 4049, after denoising: 4049
[2025-01-31 11:16:17,559][DEBUG][m:utils][fn:denoise_objects][ln:685] - Finished denoising object 13 out of 24
[2025-01-31 11:16:17,559][DEBUG][m:utils][fn:denoise_objects][ln:690] - before denoising: 21048, after denoising: 21048
[2025-01-31 11:16:17,861][DEBUG][m:utils][fn:denoise_objects][ln:685] - Finished denoising object 14 out of 24
[2025-01-31 11:16:17,862][DEBUG][m:utils][fn:denoise_objects][ln:690] - before denoising: 28309, after denoising: 28309
[2025-01-31 11:16:17,895][DEBUG][m:utils][fn:denoise_objects][ln:685] - Finished denoising object 15 out of 24
[2025-01-31 11:16:17,895][DEBUG][m:utils][fn:denoise_objects][ln:690] - before denoising: 2888, after denoising: 2888
[2025-01-31 11:16:17,901][DEBUG][m:utils][fn:denoise_objects][ln:685] - Finished denoising object 16 out of 24
[2025-01-31 11:16:17,901][DEBUG][m:utils][fn:denoise_objects][ln:690] - before denoising: 706, after denoising: 706
[2025-01-31 11:16:18,173][DEBUG][m:utils][fn:denoise_objects][ln:685] - Finished denoising object 17 out of 24
[2025-01-31 11:16:18,173][DEBUG][m:utils][fn:denoise_objects][ln:690] - before denoising: 26904, after denoising: 26904
[2025-01-31 11:16:18,184][DEBUG][m:utils][fn:denoise_objects][ln:685] - Finished denoising object 18 out of 24
[2025-01-31 11:16:18,184][DEBUG][m:utils][fn:denoise_objects][ln:690] - before denoising: 1255, after denoising: 1194
[2025-01-31 11:16:18,197][DEBUG][m:utils][fn:denoise_objects][ln:685] - Finished denoising object 19 out of 24
[2025-01-31 11:16:18,197][DEBUG][m:utils][fn:denoise_objects][ln:690] - before denoising: 1315, after denoising: 1315
[2025-01-31 11:16:18,209][DEBUG][m:utils][fn:denoise_objects][ln:685] - Finished denoising object 20 out of 24
[2025-01-31 11:16:18,209][DEBUG][m:utils][fn:denoise_objects][ln:690] - before denoising: 4875, after denoising: 4875
[2025-01-31 11:16:18,216][DEBUG][m:utils][fn:denoise_objects][ln:685] - Finished denoising object 21 out of 24
[2025-01-31 11:16:18,216][DEBUG][m:utils][fn:denoise_objects][ln:690] - before denoising: 791, after denoising: 791
[2025-01-31 11:16:18,223][DEBUG][m:utils][fn:denoise_objects][ln:685] - Finished denoising object 22 out of 24
[2025-01-31 11:16:18,223][DEBUG][m:utils][fn:denoise_objects][ln:690] - before denoising: 654, after denoising: 646
[2025-01-31 11:16:18,256][DEBUG][m:utils][fn:denoise_objects][ln:685] - Finished denoising object 23 out of 24
[2025-01-31 11:16:18,256][DEBUG][m:utils][fn:denoise_objects][ln:690] - before denoising: 3680, after denoising: 3680
[2025-01-31 11:16:18,256][DEBUG][m:utils][fn:denoise_objects][ln:691] - Finished denoising with 24 objects
[2025-01-31 11:16:18,541][DEBUG][m:optional_wandb_wrapper][fn:method][ln:139] - Skipping optional wandb call to 'log' because wandb usage is disabled.
[2025-01-31 11:16:18,541][DEBUG][m:optional_wandb_wrapper][fn:method][ln:139] - Skipping optional wandb call to 'log' because wandb usage is disabled.
[2025-01-31 11:16:18,571][DEBUG][m:PngImagePlugin][fn:call][ln:198] - STREAM b'IHDR' 16 13
[2025-01-31 11:16:18,572][DEBUG][m:PngImagePlugin][fn:call][ln:198] - STREAM b'IDAT' 41 8192
[2025-01-31 11:16:18,572][DEBUG][m:PngImagePlugin][fn:call][ln:198] - STREAM b'IHDR' 16 13
[2025-01-31 11:16:18,572][DEBUG][m:PngImagePlugin][fn:call][ln:198] - STREAM b'IDAT' 41 8192
[2025-01-31 11:16:18,587][DEBUG][m:Image][fn:close][ln:637] - Error closing: Operation on closed image
[2025-01-31 11:16:19,713][WARNING][m:optional_rerun_wrapper][fn:orr_log_vlm_image][ln:132] - VLM image not found at path: /home/ubuntu/local_data/Replica/office0/exps/s_detections_stride12/vis/frame000450annotated_for_vlm.jpg
[2025-01-31 11:16:19,713][WARNING][m:optional_rerun_wrapper][fn:orr_log_vlm_image][ln:132] - VLM image not found at path: /home/ubuntu/local_data/Replica/office0/exps/s_detections_stride12/vis/frame000450annotated_for_vlm_w_edges.jpg
[2025-01-31 11:16:19,949][DEBUG][m:optional_wandb_wrapper][fn:method][ln:139] - Skipping optional wandb call to 'log' because wandb usage is disabled.
[2025-01-31 11:16:20,016][DEBUG][m:optional_wandb_wrapper][fn:method][ln:139] - Skipping optional wandb call to 'log' because wandb usage is disabled.
[2025-01-31 11:16:20,016][DEBUG][m:optional_wandb_wrapper][fn:method][ln:139] - Skipping optional wandb call to 'log' because wandb usage is disabled.
[2025-01-31 11:16:20,041][DEBUG][m:PngImagePlugin][fn:call][ln:198] - STREAM b'IHDR' 16 13
[2025-01-31 11:16:20,041][DEBUG][m:PngImagePlugin][fn:call][ln:198] - STREAM b'IDAT' 41 8192
[2025-01-31 11:16:20,041][DEBUG][m:PngImagePlugin][fn:call][ln:198] - STREAM b'IHDR' 16 13
[2025-01-31 11:16:20,041][DEBUG][m:PngImagePlugin][fn:call][ln:198] - STREAM b'IDAT' 41 8192
[2025-01-31 11:16:20,052][DEBUG][m:Image][fn:close][ln:637] - Error closing: Operation on closed image
[2025-01-31 11:16:20,880][WARNING][m:optional_rerun_wrapper][fn:orr_log_vlm_image][ln:132] - VLM image not found at path: /home/ubuntu/local_data/Replica/office0/exps/s_detections_stride12/vis/frame000460annotated_for_vlm.jpg
[2025-01-31 11:16:20,881][WARNING][m:optional_rerun_wrapper][fn:orr_log_vlm_image][ln:132] - VLM image not found at path: /home/ubuntu/local_data/Replica/office0/exps/s_detections_stride12/vis/frame000460annotated_for_vlm_w_edges.jpg
[2025-01-31 11:16:21,027][DEBUG][m:optional_wandb_wrapper][fn:method][ln:139] - Skipping optional wandb call to 'log' because wandb usage is disabled.
[2025-01-31 11:16:21,097][DEBUG][m:optional_wandb_wrapper][fn:method][ln:139] - Skipping optional wandb call to 'log' because wandb usage is disabled.
[2025-01-31 11:16:21,097][DEBUG][m:optional_wandb_wrapper][fn:method][ln:139] - Skipping optional wandb call to 'log' because wandb usage is disabled.
[2025-01-31 11:16:21,128][DEBUG][m:PngImagePlugin][fn:call][ln:198] - STREAM b'IHDR' 16 13
[2025-01-31 11:16:21,128][DEBUG][m:PngImagePlugin][fn:call][ln:198] - STREAM b'IDAT' 41 8192
[2025-01-31 11:16:21,128][DEBUG][m:PngImagePlugin][fn:call][ln:198] - STREAM b'IHDR' 16 13
[2025-01-31 11:16:21,128][DEBUG][m:PngImagePlugin][fn:call][ln:198] - STREAM b'IDAT' 41 8192
[2025-01-31 11:16:21,140][DEBUG][m:Image][fn:close][ln:637] - Error closing: Operation on closed image
[2025-01-31 11:16:21,970][WARNING][m:optional_rerun_wrapper][fn:orr_log_vlm_image][ln:132] - VLM image not found at path: /home/ubuntu/local_data/Replica/office0/exps/s_detections_stride12/vis/frame000470annotated_for_vlm.jpg
[2025-01-31 11:16:21,971][WARNING][m:optional_rerun_wrapper][fn:orr_log_vlm_image][ln:132] - VLM image not found at path: /home/ubuntu/local_data/Replica/office0/exps/s_detections_stride12/vis/frame000470annotated_for_vlm_w_edges.jpg
[2025-01-31 11:16:22,139][DEBUG][m:optional_wandb_wrapper][fn:method][ln:139] - Skipping optional wandb call to 'log' because wandb usage is disabled.
[2025-01-31 11:16:22,203][DEBUG][m:optional_wandb_wrapper][fn:method][ln:139] - Skipping optional wandb call to 'log' because wandb usage is disabled.
[2025-01-31 11:16:22,203][DEBUG][m:optional_wandb_wrapper][fn:method][ln:139] - Skipping optional wandb call to 'log' because wandb usage is disabled.
[2025-01-31 11:16:22,228][DEBUG][m:PngImagePlugin][fn:call][ln:198] - STREAM b'IHDR' 16 13
[2025-01-31 11:16:22,228][DEBUG][m:PngImagePlugin][fn:call][ln:198] - STREAM b'IDAT' 41 8192
[2025-01-31 11:16:22,229][DEBUG][m:PngImagePlugin][fn:call][ln:198] - STREAM b'IHDR' 16 13
[2025-01-31 11:16:22,229][DEBUG][m:PngImagePlugin][fn:call][ln:198] - STREAM b'IDAT' 41 8192
[2025-01-31 11:16:22,240][DEBUG][m:Image][fn:close][ln:637] - Error closing: Operation on closed image
[2025-01-31 11:16:23,148][WARNING][m:optional_rerun_wrapper][fn:orr_log_vlm_image][ln:132] - VLM image not found at path: /home/ubuntu/local_data/Replica/office0/exps/s_detections_stride12/vis/frame000480annotated_for_vlm.jpg
[2025-01-31 11:16:23,148][WARNING][m:optional_rerun_wrapper][fn:orr_log_vlm_image][ln:132] - VLM image not found at path: /home/ubuntu/local_data/Replica/office0/exps/s_detections_stride12/vis/frame000480annotated_for_vlm_w_edges.jpg
[2025-01-31 11:16:23,390][DEBUG][m:optional_wandb_wrapper][fn:method][ln:139] - Skipping optional wandb call to 'log' because wandb usage is disabled.
[2025-01-31 11:16:23,451][DEBUG][m:optional_wandb_wrapper][fn:method][ln:139] - Skipping optional wandb call to 'log' because wandb usage is disabled.
[2025-01-31 11:16:23,451][DEBUG][m:optional_wandb_wrapper][fn:method][ln:139] - Skipping optional wandb call to 'log' because wandb usage is disabled.
[2025-01-31 11:16:23,482][DEBUG][m:PngImagePlugin][fn:call][ln:198] - STREAM b'IHDR' 16 13
[2025-01-31 11:16:23,483][DEBUG][m:PngImagePlugin][fn:call][ln:198] - STREAM b'IDAT' 41 8192
[2025-01-31 11:16:23,483][DEBUG][m:PngImagePlugin][fn:call][ln:198] - STREAM b'IHDR' 16 13
[2025-01-31 11:16:23,483][DEBUG][m:PngImagePlugin][fn:call][ln:198] - STREAM b'IDAT' 41 8192
[2025-01-31 11:16:23,493][DEBUG][m:Image][fn:close][ln:637] - Error closing: Operation on closed image
[2025-01-31 11:16:24,331][WARNING][m:optional_rerun_wrapper][fn:orr_log_vlm_image][ln:132] - VLM image not found at path: /home/ubuntu/local_data/Replica/office0/exps/s_detections_stride12/vis/frame000490annotated_for_vlm.jpg
[2025-01-31 11:16:24,331][WARNING][m:optional_rerun_wrapper][fn:orr_log_vlm_image][ln:132] - VLM image not found at path: /home/ubuntu/local_data/Replica/office0/exps/s_detections_stride12/vis/frame000490annotated_for_vlm_w_edges.jpg
[2025-01-31 11:16:24,501][DEBUG][m:optional_wandb_wrapper][fn:method][ln:139] - Skipping optional wandb call to 'log' because wandb usage is disabled.
[2025-01-31 11:16:24,501][DEBUG][m:utils][fn:denoise_objects][ln:663] - Starting denoising with 24 objects
[2025-01-31 11:16:24,536][DEBUG][m:utils][fn:denoise_objects][ln:685] - Finished denoising object 0 out of 24
[2025-01-31 11:16:24,536][DEBUG][m:utils][fn:denoise_objects][ln:690] - before denoising: 2944, after denoising: 2944
[2025-01-31 11:16:24,576][DEBUG][m:utils][fn:denoise_objects][ln:685] - Finished denoising object 1 out of 24
[2025-01-31 11:16:24,576][DEBUG][m:utils][fn:denoise_objects][ln:690] - before denoising: 3135, after denoising: 3135
[2025-01-31 11:16:24,721][DEBUG][m:utils][fn:denoise_objects][ln:685] - Finished denoising object 2 out of 24
[2025-01-31 11:16:24,721][DEBUG][m:utils][fn:denoise_objects][ln:690] - before denoising: 12315, after denoising: 12315
[2025-01-31 11:16:24,811][DEBUG][m:utils][fn:denoise_objects][ln:685] - Finished denoising object 3 out of 24
[2025-01-31 11:16:24,811][DEBUG][m:utils][fn:denoise_objects][ln:690] - before denoising: 6443, after denoising: 6443
[2025-01-31 11:16:25,010][DEBUG][m:utils][fn:denoise_objects][ln:685] - Finished denoising object 4 out of 24
[2025-01-31 11:16:25,010][DEBUG][m:utils][fn:denoise_objects][ln:690] - before denoising: 18977, after denoising: 18977
[2025-01-31 11:16:25,292][DEBUG][m:utils][fn:denoise_objects][ln:685] - Finished denoising object 5 out of 24
[2025-01-31 11:16:25,292][DEBUG][m:utils][fn:denoise_objects][ln:690] - before denoising: 23803, after denoising: 23803
[2025-01-31 11:16:25,346][DEBUG][m:utils][fn:denoise_objects][ln:685] - Finished denoising object 6 out of 24
[2025-01-31 11:16:25,347][DEBUG][m:utils][fn:denoise_objects][ln:690] - before denoising: 4946, after denoising: 4946
[2025-01-31 11:16:25,390][DEBUG][m:utils][fn:denoise_objects][ln:685] - Finished denoising object 7 out of 24
[2025-01-31 11:16:25,390][DEBUG][m:utils][fn:denoise_objects][ln:690] - before denoising: 3371, after denoising: 3371
[2025-01-31 11:16:25,391][DEBUG][m:utils][fn:denoise_objects][ln:685] - Finished denoising object 8 out of 24
[2025-01-31 11:16:25,391][DEBUG][m:utils][fn:denoise_objects][ln:690] - before denoising: 121, after denoising: 121
[2025-01-31 11:16:25,427][DEBUG][m:utils][fn:denoise_objects][ln:685] - Finished denoising object 9 out of 24
[2025-01-31 11:16:25,427][DEBUG][m:utils][fn:denoise_objects][ln:690] - before denoising: 3556, after denoising: 3556
[2025-01-31 11:16:25,432][DEBUG][m:utils][fn:denoise_objects][ln:685] - Finished denoising object 10 out of 24
[2025-01-31 11:16:25,433][DEBUG][m:utils][fn:denoise_objects][ln:690] - before denoising: 543, after denoising: 543
[2025-01-31 11:16:25,445][DEBUG][m:utils][fn:denoise_objects][ln:685] - Finished denoising object 11 out of 24
[2025-01-31 11:16:25,445][DEBUG][m:utils][fn:denoise_objects][ln:690] - before denoising: 1036, after denoising: 1036
[2025-01-31 11:16:25,504][DEBUG][m:utils][fn:denoise_objects][ln:685] - Finished denoising object 12 out of 24
[2025-01-31 11:16:25,504][DEBUG][m:utils][fn:denoise_objects][ln:690] - before denoising: 4049, after denoising: 4049
[2025-01-31 11:16:25,734][DEBUG][m:utils][fn:denoise_objects][ln:685] - Finished denoising object 13 out of 24
[2025-01-31 11:16:25,734][DEBUG][m:utils][fn:denoise_objects][ln:690] - before denoising: 21048, after denoising: 21048
[2025-01-31 11:16:26,143][DEBUG][m:utils][fn:denoise_objects][ln:685] - Finished denoising object 14 out of 24
[2025-01-31 11:16:26,144][DEBUG][m:utils][fn:denoise_objects][ln:690] - before denoising: 34359, after denoising: 34359
[2025-01-31 11:16:26,175][DEBUG][m:utils][fn:denoise_objects][ln:685] - Finished denoising object 15 out of 24
[2025-01-31 11:16:26,175][DEBUG][m:utils][fn:denoise_objects][ln:690] - before denoising: 2888, after denoising: 2888
[2025-01-31 11:16:26,181][DEBUG][m:utils][fn:denoise_objects][ln:685] - Finished denoising object 16 out of 24
[2025-01-31 11:16:26,181][DEBUG][m:utils][fn:denoise_objects][ln:690] - before denoising: 706, after denoising: 706
[2025-01-31 11:16:26,588][DEBUG][m:utils][fn:denoise_objects][ln:685] - Finished denoising object 17 out of 24
[2025-01-31 11:16:26,589][DEBUG][m:utils][fn:denoise_objects][ln:690] - before denoising: 32314, after denoising: 32314
[2025-01-31 11:16:26,605][DEBUG][m:utils][fn:denoise_objects][ln:685] - Finished denoising object 18 out of 24
[2025-01-31 11:16:26,605][DEBUG][m:utils][fn:denoise_objects][ln:690] - before denoising: 1370, after denoising: 1370
[2025-01-31 11:16:26,620][DEBUG][m:utils][fn:denoise_objects][ln:685] - Finished denoising object 19 out of 24
[2025-01-31 11:16:26,620][DEBUG][m:utils][fn:denoise_objects][ln:690] - before denoising: 1317, after denoising: 1317
[2025-01-31 11:16:26,634][DEBUG][m:utils][fn:denoise_objects][ln:685] - Finished denoising object 20 out of 24
[2025-01-31 11:16:26,634][DEBUG][m:utils][fn:denoise_objects][ln:690] - before denoising: 4875, after denoising: 4875
[2025-01-31 11:16:26,642][DEBUG][m:utils][fn:denoise_objects][ln:685] - Finished denoising object 21 out of 24
[2025-01-31 11:16:26,642][DEBUG][m:utils][fn:denoise_objects][ln:690] - before denoising: 791, after denoising: 791
[2025-01-31 11:16:26,651][DEBUG][m:utils][fn:denoise_objects][ln:685] - Finished denoising object 22 out of 24
[2025-01-31 11:16:26,651][DEBUG][m:utils][fn:denoise_objects][ln:690] - before denoising: 646, after denoising: 646
[2025-01-31 11:16:26,690][DEBUG][m:utils][fn:denoise_objects][ln:685] - Finished denoising object 23 out of 24
[2025-01-31 11:16:26,690][DEBUG][m:utils][fn:denoise_objects][ln:690] - before denoising: 3680, after denoising: 3680
[2025-01-31 11:16:26,690][DEBUG][m:utils][fn:denoise_objects][ln:691] - Finished denoising with 24 objects
[2025-01-31 11:16:27,040][DEBUG][m:optional_wandb_wrapper][fn:method][ln:139] - Skipping optional wandb call to 'log' because wandb usage is disabled.
[2025-01-31 11:16:27,040][DEBUG][m:optional_wandb_wrapper][fn:method][ln:139] - Skipping optional wandb call to 'log' because wandb usage is disabled.
[2025-01-31 11:16:27,065][DEBUG][m:PngImagePlugin][fn:call][ln:198] - STREAM b'IHDR' 16 13
[2025-01-31 11:16:27,066][DEBUG][m:PngImagePlugin][fn:call][ln:198] - STREAM b'IDAT' 41 8192
[2025-01-31 11:16:27,066][DEBUG][m:PngImagePlugin][fn:call][ln:198] - STREAM b'IHDR' 16 13
[2025-01-31 11:16:27,066][DEBUG][m:PngImagePlugin][fn:call][ln:198] - STREAM b'IDAT' 41 8192
[2025-01-31 11:16:27,076][DEBUG][m:Image][fn:close][ln:637] - Error closing: Operation on closed image
[2025-01-31 11:16:28,101][WARNING][m:optional_rerun_wrapper][fn:orr_log_vlm_image][ln:132] - VLM image not found at path: /home/ubuntu/local_data/Replica/office0/exps/s_detections_stride12/vis/frame000500annotated_for_vlm.jpg
[2025-01-31 11:16:28,101][WARNING][m:optional_rerun_wrapper][fn:orr_log_vlm_image][ln:132] - VLM image not found at path: /home/ubuntu/local_data/Replica/office0/exps/s_detections_stride12/vis/frame000500annotated_for_vlm_w_edges.jpg
[2025-01-31 11:16:28,271][DEBUG][m:optional_wandb_wrapper][fn:method][ln:139] - Skipping optional wandb call to 'log' because wandb usage is disabled.
[2025-01-31 11:16:28,337][DEBUG][m:optional_wandb_wrapper][fn:method][ln:139] - Skipping optional wandb call to 'log' because wandb usage is disabled.
[2025-01-31 11:16:28,337][DEBUG][m:optional_wandb_wrapper][fn:method][ln:139] - Skipping optional wandb call to 'log' because wandb usage is disabled.
[2025-01-31 11:16:28,364][DEBUG][m:PngImagePlugin][fn:call][ln:198] - STREAM b'IHDR' 16 13
[2025-01-31 11:16:28,364][DEBUG][m:PngImagePlugin][fn:call][ln:198] - STREAM b'IDAT' 41 8192
[2025-01-31 11:16:28,364][DEBUG][m:PngImagePlugin][fn:call][ln:198] - STREAM b'IHDR' 16 13
[2025-01-31 11:16:28,364][DEBUG][m:PngImagePlugin][fn:call][ln:198] - STREAM b'IDAT' 41 8192
[2025-01-31 11:16:28,377][DEBUG][m:Image][fn:close][ln:637] - Error closing: Operation on closed image
[2025-01-31 11:16:29,386][WARNING][m:optional_rerun_wrapper][fn:orr_log_vlm_image][ln:132] - VLM image not found at path: /home/ubuntu/local_data/Replica/office0/exps/s_detections_stride12/vis/frame000510annotated_for_vlm.jpg
[2025-01-31 11:16:29,386][WARNING][m:optional_rerun_wrapper][fn:orr_log_vlm_image][ln:132] - VLM image not found at path: /home/ubuntu/local_data/Replica/office0/exps/s_detections_stride12/vis/frame000510annotated_for_vlm_w_edges.jpg
[2025-01-31 11:16:29,569][DEBUG][m:optional_wandb_wrapper][fn:method][ln:139] - Skipping optional wandb call to 'log' because wandb usage is disabled.
[2025-01-31 11:16:29,637][DEBUG][m:optional_wandb_wrapper][fn:method][ln:139] - Skipping optional wandb call to 'log' because wandb usage is disabled.
[2025-01-31 11:16:29,637][DEBUG][m:optional_wandb_wrapper][fn:method][ln:139] - Skipping optional wandb call to 'log' because wandb usage is disabled.
[2025-01-31 11:16:29,665][DEBUG][m:PngImagePlugin][fn:call][ln:198] - STREAM b'IHDR' 16 13
[2025-01-31 11:16:29,667][DEBUG][m:PngImagePlugin][fn:call][ln:198] - STREAM b'IDAT' 41 8192
[2025-01-31 11:16:29,667][DEBUG][m:PngImagePlugin][fn:call][ln:198] - STREAM b'IHDR' 16 13
[2025-01-31 11:16:29,667][DEBUG][m:PngImagePlugin][fn:call][ln:198] - STREAM b'IDAT' 41 8192
[2025-01-31 11:16:29,683][DEBUG][m:Image][fn:close][ln:637] - Error closing: Operation on closed image
[2025-01-31 11:16:30,727][WARNING][m:optional_rerun_wrapper][fn:orr_log_vlm_image][ln:132] - VLM image not found at path: /home/ubuntu/local_data/Replica/office0/exps/s_detections_stride12/vis/frame000520annotated_for_vlm.jpg
[2025-01-31 11:16:30,727][WARNING][m:optional_rerun_wrapper][fn:orr_log_vlm_image][ln:132] - VLM image not found at path: /home/ubuntu/local_data/Replica/office0/exps/s_detections_stride12/vis/frame000520annotated_for_vlm_w_edges.jpg
[2025-01-31 11:16:31,032][DEBUG][m:optional_wandb_wrapper][fn:method][ln:139] - Skipping optional wandb call to 'log' because wandb usage is disabled.
[2025-01-31 11:16:31,094][DEBUG][m:optional_wandb_wrapper][fn:method][ln:139] - Skipping optional wandb call to 'log' because wandb usage is disabled.
[2025-01-31 11:16:31,094][DEBUG][m:optional_wandb_wrapper][fn:method][ln:139] - Skipping optional wandb call to 'log' because wandb usage is disabled.
[2025-01-31 11:16:31,124][DEBUG][m:PngImagePlugin][fn:call][ln:198] - STREAM b'IHDR' 16 13
[2025-01-31 11:16:31,124][DEBUG][m:PngImagePlugin][fn:call][ln:198] - STREAM b'IDAT' 41 8192
[2025-01-31 11:16:31,124][DEBUG][m:PngImagePlugin][fn:call][ln:198] - STREAM b'IHDR' 16 13
[2025-01-31 11:16:31,124][DEBUG][m:PngImagePlugin][fn:call][ln:198] - STREAM b'IDAT' 41 8192
[2025-01-31 11:16:31,139][DEBUG][m:Image][fn:close][ln:637] - Error closing: Operation on closed image
[2025-01-31 11:16:32,405][WARNING][m:optional_rerun_wrapper][fn:orr_log_vlm_image][ln:132] - VLM image not found at path: /home/ubuntu/local_data/Replica/office0/exps/s_detections_stride12/vis/frame000530annotated_for_vlm.jpg
[2025-01-31 11:16:32,405][WARNING][m:optional_rerun_wrapper][fn:orr_log_vlm_image][ln:132] - VLM image not found at path: /home/ubuntu/local_data/Replica/office0/exps/s_detections_stride12/vis/frame000530annotated_for_vlm_w_edges.jpg
[2025-01-31 11:16:32,653][DEBUG][m:optional_wandb_wrapper][fn:method][ln:139] - Skipping optional wandb call to 'log' because wandb usage is disabled.
[2025-01-31 11:16:32,718][DEBUG][m:optional_wandb_wrapper][fn:method][ln:139] - Skipping optional wandb call to 'log' because wandb usage is disabled.
[2025-01-31 11:16:32,718][DEBUG][m:optional_wandb_wrapper][fn:method][ln:139] - Skipping optional wandb call to 'log' because wandb usage is disabled.
[2025-01-31 11:16:32,743][DEBUG][m:PngImagePlugin][fn:call][ln:198] - STREAM b'IHDR' 16 13
[2025-01-31 11:16:32,743][DEBUG][m:PngImagePlugin][fn:call][ln:198] - STREAM b'IDAT' 41 8192
[2025-01-31 11:16:32,743][DEBUG][m:PngImagePlugin][fn:call][ln:198] - STREAM b'IHDR' 16 13
[2025-01-31 11:16:32,743][DEBUG][m:PngImagePlugin][fn:call][ln:198] - STREAM b'IDAT' 41 8192
[2025-01-31 11:16:32,756][DEBUG][m:Image][fn:close][ln:637] - Error closing: Operation on closed image
[2025-01-31 11:16:34,225][WARNING][m:optional_rerun_wrapper][fn:orr_log_vlm_image][ln:132] - VLM image not found at path: /home/ubuntu/local_data/Replica/office0/exps/s_detections_stride12/vis/frame000540annotated_for_vlm.jpg
[2025-01-31 11:16:34,225][WARNING][m:optional_rerun_wrapper][fn:orr_log_vlm_image][ln:132] - VLM image not found at path: /home/ubuntu/local_data/Replica/office0/exps/s_detections_stride12/vis/frame000540annotated_for_vlm_w_edges.jpg
[2025-01-31 11:16:34,363][DEBUG][m:optional_wandb_wrapper][fn:method][ln:139] - Skipping optional wandb call to 'log' because wandb usage is disabled.
[2025-01-31 11:16:34,363][DEBUG][m:utils][fn:denoise_objects][ln:663] - Starting denoising with 24 objects
[2025-01-31 11:16:34,400][DEBUG][m:utils][fn:denoise_objects][ln:685] - Finished denoising object 0 out of 24
[2025-01-31 11:16:34,400][DEBUG][m:utils][fn:denoise_objects][ln:690] - before denoising: 2944, after denoising: 2944
[2025-01-31 11:16:34,441][DEBUG][m:utils][fn:denoise_objects][ln:685] - Finished denoising object 1 out of 24
[2025-01-31 11:16:34,442][DEBUG][m:utils][fn:denoise_objects][ln:690] - before denoising: 3135, after denoising: 3135
[2025-01-31 11:16:34,592][DEBUG][m:utils][fn:denoise_objects][ln:685] - Finished denoising object 2 out of 24
[2025-01-31 11:16:34,593][DEBUG][m:utils][fn:denoise_objects][ln:690] - before denoising: 12315, after denoising: 12315
[2025-01-31 11:16:34,685][DEBUG][m:utils][fn:denoise_objects][ln:685] - Finished denoising object 3 out of 24
[2025-01-31 11:16:34,685][DEBUG][m:utils][fn:denoise_objects][ln:690] - before denoising: 6443, after denoising: 6443
[2025-01-31 11:16:34,865][DEBUG][m:utils][fn:denoise_objects][ln:685] - Finished denoising object 4 out of 24
[2025-01-31 11:16:34,865][DEBUG][m:utils][fn:denoise_objects][ln:690] - before denoising: 18977, after denoising: 18977
[2025-01-31 11:16:35,109][DEBUG][m:utils][fn:denoise_objects][ln:685] - Finished denoising object 5 out of 24
[2025-01-31 11:16:35,109][DEBUG][m:utils][fn:denoise_objects][ln:690] - before denoising: 23803, after denoising: 23803
[2025-01-31 11:16:35,164][DEBUG][m:utils][fn:denoise_objects][ln:685] - Finished denoising object 6 out of 24
[2025-01-31 11:16:35,164][DEBUG][m:utils][fn:denoise_objects][ln:690] - before denoising: 4946, after denoising: 4946
[2025-01-31 11:16:35,208][DEBUG][m:utils][fn:denoise_objects][ln:685] - Finished denoising object 7 out of 24
[2025-01-31 11:16:35,209][DEBUG][m:utils][fn:denoise_objects][ln:690] - before denoising: 3371, after denoising: 3371
[2025-01-31 11:16:35,210][DEBUG][m:utils][fn:denoise_objects][ln:685] - Finished denoising object 8 out of 24
[2025-01-31 11:16:35,210][DEBUG][m:utils][fn:denoise_objects][ln:690] - before denoising: 121, after denoising: 121
[2025-01-31 11:16:35,248][DEBUG][m:utils][fn:denoise_objects][ln:685] - Finished denoising object 9 out of 24
[2025-01-31 11:16:35,248][DEBUG][m:utils][fn:denoise_objects][ln:690] - before denoising: 3556, after denoising: 3556
[2025-01-31 11:16:35,254][DEBUG][m:utils][fn:denoise_objects][ln:685] - Finished denoising object 10 out of 24
[2025-01-31 11:16:35,254][DEBUG][m:utils][fn:denoise_objects][ln:690] - before denoising: 543, after denoising: 543
[2025-01-31 11:16:35,267][DEBUG][m:utils][fn:denoise_objects][ln:685] - Finished denoising object 11 out of 24
[2025-01-31 11:16:35,267][DEBUG][m:utils][fn:denoise_objects][ln:690] - before denoising: 1036, after denoising: 1036
[2025-01-31 11:16:35,323][DEBUG][m:utils][fn:denoise_objects][ln:685] - Finished denoising object 12 out of 24
[2025-01-31 11:16:35,323][DEBUG][m:utils][fn:denoise_objects][ln:690] - before denoising: 4049, after denoising: 4049
[2025-01-31 11:16:35,554][DEBUG][m:utils][fn:denoise_objects][ln:685] - Finished denoising object 13 out of 24
[2025-01-31 11:16:35,554][DEBUG][m:utils][fn:denoise_objects][ln:690] - before denoising: 21048, after denoising: 21048
[2025-01-31 11:16:35,942][DEBUG][m:utils][fn:denoise_objects][ln:685] - Finished denoising object 14 out of 24
[2025-01-31 11:16:35,942][DEBUG][m:utils][fn:denoise_objects][ln:690] - before denoising: 34893, after denoising: 34893
[2025-01-31 11:16:35,972][DEBUG][m:utils][fn:denoise_objects][ln:685] - Finished denoising object 15 out of 24
[2025-01-31 11:16:35,972][DEBUG][m:utils][fn:denoise_objects][ln:690] - before denoising: 2888, after denoising: 2888
[2025-01-31 11:16:35,978][DEBUG][m:utils][fn:denoise_objects][ln:685] - Finished denoising object 16 out of 24
[2025-01-31 11:16:35,978][DEBUG][m:utils][fn:denoise_objects][ln:690] - before denoising: 706, after denoising: 706
[2025-01-31 11:16:36,416][DEBUG][m:utils][fn:denoise_objects][ln:685] - Finished denoising object 17 out of 24
[2025-01-31 11:16:36,416][DEBUG][m:utils][fn:denoise_objects][ln:690] - before denoising: 34586, after denoising: 34586
[2025-01-31 11:16:36,433][DEBUG][m:utils][fn:denoise_objects][ln:685] - Finished denoising object 18 out of 24
[2025-01-31 11:16:36,433][DEBUG][m:utils][fn:denoise_objects][ln:690] - before denoising: 1461, after denoising: 1461
[2025-01-31 11:16:36,445][DEBUG][m:utils][fn:denoise_objects][ln:685] - Finished denoising object 19 out of 24
[2025-01-31 11:16:36,446][DEBUG][m:utils][fn:denoise_objects][ln:690] - before denoising: 1317, after denoising: 1317
[2025-01-31 11:16:36,458][DEBUG][m:utils][fn:denoise_objects][ln:685] - Finished denoising object 20 out of 24
[2025-01-31 11:16:36,458][DEBUG][m:utils][fn:denoise_objects][ln:690] - before denoising: 4875, after denoising: 4875
[2025-01-31 11:16:36,465][DEBUG][m:utils][fn:denoise_objects][ln:685] - Finished denoising object 21 out of 24
[2025-01-31 11:16:36,465][DEBUG][m:utils][fn:denoise_objects][ln:690] - before denoising: 853, after denoising: 847
[2025-01-31 11:16:36,472][DEBUG][m:utils][fn:denoise_objects][ln:685] - Finished denoising object 22 out of 24
[2025-01-31 11:16:36,472][DEBUG][m:utils][fn:denoise_objects][ln:690] - before denoising: 646, after denoising: 646
[2025-01-31 11:16:36,504][DEBUG][m:utils][fn:denoise_objects][ln:685] - Finished denoising object 23 out of 24
[2025-01-31 11:16:36,504][DEBUG][m:utils][fn:denoise_objects][ln:690] - before denoising: 3680, after denoising: 3680
[2025-01-31 11:16:36,504][DEBUG][m:utils][fn:denoise_objects][ln:691] - Finished denoising with 24 objects
[2025-01-31 11:16:36,785][DEBUG][m:optional_wandb_wrapper][fn:method][ln:139] - Skipping optional wandb call to 'log' because wandb usage is disabled.
[2025-01-31 11:16:36,785][DEBUG][m:optional_wandb_wrapper][fn:method][ln:139] - Skipping optional wandb call to 'log' because wandb usage is disabled.
[2025-01-31 11:16:36,813][DEBUG][m:PngImagePlugin][fn:call][ln:198] - STREAM b'IHDR' 16 13
[2025-01-31 11:16:36,813][DEBUG][m:PngImagePlugin][fn:call][ln:198] - STREAM b'IDAT' 41 8192
[2025-01-31 11:16:36,813][DEBUG][m:PngImagePlugin][fn:call][ln:198] - STREAM b'IHDR' 16 13
[2025-01-31 11:16:36,814][DEBUG][m:PngImagePlugin][fn:call][ln:198] - STREAM b'IDAT' 41 8192
[2025-01-31 11:16:36,830][DEBUG][m:Image][fn:close][ln:637] - Error closing: Operation on closed image
[2025-01-31 11:16:37,904][WARNING][m:optional_rerun_wrapper][fn:orr_log_vlm_image][ln:132] - VLM image not found at path: /home/ubuntu/local_data/Replica/office0/exps/s_detections_stride12/vis/frame000550annotated_for_vlm.jpg
[2025-01-31 11:16:37,904][WARNING][m:optional_rerun_wrapper][fn:orr_log_vlm_image][ln:132] - VLM image not found at path: /home/ubuntu/local_data/Replica/office0/exps/s_detections_stride12/vis/frame000550annotated_for_vlm_w_edges.jpg
[2025-01-31 11:16:38,072][DEBUG][m:optional_wandb_wrapper][fn:method][ln:139] - Skipping optional wandb call to 'log' because wandb usage is disabled.
[2025-01-31 11:16:38,133][DEBUG][m:optional_wandb_wrapper][fn:method][ln:139] - Skipping optional wandb call to 'log' because wandb usage is disabled.
[2025-01-31 11:16:38,133][DEBUG][m:optional_wandb_wrapper][fn:method][ln:139] - Skipping optional wandb call to 'log' because wandb usage is disabled.
[2025-01-31 11:16:38,161][DEBUG][m:PngImagePlugin][fn:call][ln:198] - STREAM b'IHDR' 16 13
[2025-01-31 11:16:38,161][DEBUG][m:PngImagePlugin][fn:call][ln:198] - STREAM b'IDAT' 41 8192
[2025-01-31 11:16:38,161][DEBUG][m:PngImagePlugin][fn:call][ln:198] - STREAM b'IHDR' 16 13
[2025-01-31 11:16:38,161][DEBUG][m:PngImagePlugin][fn:call][ln:198] - STREAM b'IDAT' 41 8192
[2025-01-31 11:16:38,172][DEBUG][m:Image][fn:close][ln:637] - Error closing: Operation on closed image
[2025-01-31 11:16:39,083][WARNING][m:optional_rerun_wrapper][fn:orr_log_vlm_image][ln:132] - VLM image not found at path: /home/ubuntu/local_data/Replica/office0/exps/s_detections_stride12/vis/frame000560annotated_for_vlm.jpg
[2025-01-31 11:16:39,083][WARNING][m:optional_rerun_wrapper][fn:orr_log_vlm_image][ln:132] - VLM image not found at path: /home/ubuntu/local_data/Replica/office0/exps/s_detections_stride12/vis/frame000560annotated_for_vlm_w_edges.jpg
[2025-01-31 11:16:39,240][DEBUG][m:optional_wandb_wrapper][fn:method][ln:139] - Skipping optional wandb call to 'log' because wandb usage is disabled.
[2025-01-31 11:16:39,304][DEBUG][m:optional_wandb_wrapper][fn:method][ln:139] - Skipping optional wandb call to 'log' because wandb usage is disabled.
[2025-01-31 11:16:39,304][DEBUG][m:optional_wandb_wrapper][fn:method][ln:139] - Skipping optional wandb call to 'log' because wandb usage is disabled.
[2025-01-31 11:16:39,334][DEBUG][m:PngImagePlugin][fn:call][ln:198] - STREAM b'IHDR' 16 13
[2025-01-31 11:16:39,335][DEBUG][m:PngImagePlugin][fn:call][ln:198] - STREAM b'IDAT' 41 8192
[2025-01-31 11:16:39,335][DEBUG][m:PngImagePlugin][fn:call][ln:198] - STREAM b'IHDR' 16 13
[2025-01-31 11:16:39,335][DEBUG][m:PngImagePlugin][fn:call][ln:198] - STREAM b'IDAT' 41 8192
[2025-01-31 11:16:39,347][DEBUG][m:Image][fn:close][ln:637] - Error closing: Operation on closed image
[2025-01-31 11:16:40,431][WARNING][m:optional_rerun_wrapper][fn:orr_log_vlm_image][ln:132] - VLM image not found at path: /home/ubuntu/local_data/Replica/office0/exps/s_detections_stride12/vis/frame000570annotated_for_vlm.jpg
[2025-01-31 11:16:40,432][WARNING][m:optional_rerun_wrapper][fn:orr_log_vlm_image][ln:132] - VLM image not found at path: /home/ubuntu/local_data/Replica/office0/exps/s_detections_stride12/vis/frame000570annotated_for_vlm_w_edges.jpg
[2025-01-31 11:16:40,669][DEBUG][m:optional_wandb_wrapper][fn:method][ln:139] - Skipping optional wandb call to 'log' because wandb usage is disabled.
[2025-01-31 11:16:40,738][DEBUG][m:optional_wandb_wrapper][fn:method][ln:139] - Skipping optional wandb call to 'log' because wandb usage is disabled.
[2025-01-31 11:16:40,739][DEBUG][m:optional_wandb_wrapper][fn:method][ln:139] - Skipping optional wandb call to 'log' because wandb usage is disabled.
[2025-01-31 11:16:40,769][DEBUG][m:PngImagePlugin][fn:call][ln:198] - STREAM b'IHDR' 16 13
[2025-01-31 11:16:40,769][DEBUG][m:PngImagePlugin][fn:call][ln:198] - STREAM b'IDAT' 41 8192
[2025-01-31 11:16:40,769][DEBUG][m:PngImagePlugin][fn:call][ln:198] - STREAM b'IHDR' 16 13
[2025-01-31 11:16:40,769][DEBUG][m:PngImagePlugin][fn:call][ln:198] - STREAM b'IDAT' 41 8192
[2025-01-31 11:16:40,779][DEBUG][m:Image][fn:close][ln:637] - Error closing: Operation on closed image
[2025-01-31 11:16:41,774][WARNING][m:optional_rerun_wrapper][fn:orr_log_vlm_image][ln:132] - VLM image not found at path: /home/ubuntu/local_data/Replica/office0/exps/s_detections_stride12/vis/frame000580annotated_for_vlm.jpg
[2025-01-31 11:16:41,774][WARNING][m:optional_rerun_wrapper][fn:orr_log_vlm_image][ln:132] - VLM image not found at path: /home/ubuntu/local_data/Replica/office0/exps/s_detections_stride12/vis/frame000580annotated_for_vlm_w_edges.jpg
[2025-01-31 11:16:42,047][DEBUG][m:optional_wandb_wrapper][fn:method][ln:139] - Skipping optional wandb call to 'log' because wandb usage is disabled.
[2025-01-31 11:16:42,114][DEBUG][m:optional_wandb_wrapper][fn:method][ln:139] - Skipping optional wandb call to 'log' because wandb usage is disabled.
[2025-01-31 11:16:42,114][DEBUG][m:optional_wandb_wrapper][fn:method][ln:139] - Skipping optional wandb call to 'log' because wandb usage is disabled.
[2025-01-31 11:16:42,144][DEBUG][m:PngImagePlugin][fn:call][ln:198] - STREAM b'IHDR' 16 13
[2025-01-31 11:16:42,144][DEBUG][m:PngImagePlugin][fn:call][ln:198] - STREAM b'IDAT' 41 8192
[2025-01-31 11:16:42,144][DEBUG][m:PngImagePlugin][fn:call][ln:198] - STREAM b'IHDR' 16 13
[2025-01-31 11:16:42,144][DEBUG][m:PngImagePlugin][fn:call][ln:198] - STREAM b'IDAT' 41 8192
[2025-01-31 11:16:42,156][DEBUG][m:Image][fn:close][ln:637] - Error closing: Operation on closed image
[2025-01-31 11:16:43,268][WARNING][m:optional_rerun_wrapper][fn:orr_log_vlm_image][ln:132] - VLM image not found at path: /home/ubuntu/local_data/Replica/office0/exps/s_detections_stride12/vis/frame000590annotated_for_vlm.jpg
[2025-01-31 11:16:43,268][WARNING][m:optional_rerun_wrapper][fn:orr_log_vlm_image][ln:132] - VLM image not found at path: /home/ubuntu/local_data/Replica/office0/exps/s_detections_stride12/vis/frame000590annotated_for_vlm_w_edges.jpg
[2025-01-31 11:16:43,511][DEBUG][m:optional_wandb_wrapper][fn:method][ln:139] - Skipping optional wandb call to 'log' because wandb usage is disabled.
[2025-01-31 11:16:43,512][DEBUG][m:utils][fn:denoise_objects][ln:663] - Starting denoising with 25 objects
[2025-01-31 11:16:43,548][DEBUG][m:utils][fn:denoise_objects][ln:685] - Finished denoising object 0 out of 25
[2025-01-31 11:16:43,548][DEBUG][m:utils][fn:denoise_objects][ln:690] - before denoising: 2944, after denoising: 2944
[2025-01-31 11:16:43,587][DEBUG][m:utils][fn:denoise_objects][ln:685] - Finished denoising object 1 out of 25
[2025-01-31 11:16:43,588][DEBUG][m:utils][fn:denoise_objects][ln:690] - before denoising: 3135, after denoising: 3135
[2025-01-31 11:16:43,720][DEBUG][m:utils][fn:denoise_objects][ln:685] - Finished denoising object 2 out of 25
[2025-01-31 11:16:43,721][DEBUG][m:utils][fn:denoise_objects][ln:690] - before denoising: 12315, after denoising: 12315
[2025-01-31 11:16:43,801][DEBUG][m:utils][fn:denoise_objects][ln:685] - Finished denoising object 3 out of 25
[2025-01-31 11:16:43,801][DEBUG][m:utils][fn:denoise_objects][ln:690] - before denoising: 6443, after denoising: 6443
[2025-01-31 11:16:43,967][DEBUG][m:utils][fn:denoise_objects][ln:685] - Finished denoising object 4 out of 25
[2025-01-31 11:16:43,967][DEBUG][m:utils][fn:denoise_objects][ln:690] - before denoising: 18977, after denoising: 18977
[2025-01-31 11:16:44,213][DEBUG][m:utils][fn:denoise_objects][ln:685] - Finished denoising object 5 out of 25
[2025-01-31 11:16:44,213][DEBUG][m:utils][fn:denoise_objects][ln:690] - before denoising: 23803, after denoising: 23803
[2025-01-31 11:16:44,260][DEBUG][m:utils][fn:denoise_objects][ln:685] - Finished denoising object 6 out of 25
[2025-01-31 11:16:44,260][DEBUG][m:utils][fn:denoise_objects][ln:690] - before denoising: 4946, after denoising: 4946
[2025-01-31 11:16:44,298][DEBUG][m:utils][fn:denoise_objects][ln:685] - Finished denoising object 7 out of 25
[2025-01-31 11:16:44,298][DEBUG][m:utils][fn:denoise_objects][ln:690] - before denoising: 3371, after denoising: 3371
[2025-01-31 11:16:44,299][DEBUG][m:utils][fn:denoise_objects][ln:685] - Finished denoising object 8 out of 25
[2025-01-31 11:16:44,299][DEBUG][m:utils][fn:denoise_objects][ln:690] - before denoising: 121, after denoising: 121
[2025-01-31 11:16:44,330][DEBUG][m:utils][fn:denoise_objects][ln:685] - Finished denoising object 9 out of 25
[2025-01-31 11:16:44,330][DEBUG][m:utils][fn:denoise_objects][ln:690] - before denoising: 3556, after denoising: 3556
[2025-01-31 11:16:44,335][DEBUG][m:utils][fn:denoise_objects][ln:685] - Finished denoising object 10 out of 25
[2025-01-31 11:16:44,335][DEBUG][m:utils][fn:denoise_objects][ln:690] - before denoising: 543, after denoising: 543
[2025-01-31 11:16:44,346][DEBUG][m:utils][fn:denoise_objects][ln:685] - Finished denoising object 11 out of 25
[2025-01-31 11:16:44,346][DEBUG][m:utils][fn:denoise_objects][ln:690] - before denoising: 1036, after denoising: 1036
[2025-01-31 11:16:44,397][DEBUG][m:utils][fn:denoise_objects][ln:685] - Finished denoising object 12 out of 25
[2025-01-31 11:16:44,397][DEBUG][m:utils][fn:denoise_objects][ln:690] - before denoising: 4049, after denoising: 4049
[2025-01-31 11:16:44,608][DEBUG][m:utils][fn:denoise_objects][ln:685] - Finished denoising object 13 out of 25
[2025-01-31 11:16:44,608][DEBUG][m:utils][fn:denoise_objects][ln:690] - before denoising: 21048, after denoising: 21048
[2025-01-31 11:16:45,015][DEBUG][m:utils][fn:denoise_objects][ln:685] - Finished denoising object 14 out of 25
[2025-01-31 11:16:45,015][DEBUG][m:utils][fn:denoise_objects][ln:690] - before denoising: 36115, after denoising: 36037
[2025-01-31 11:16:45,044][DEBUG][m:utils][fn:denoise_objects][ln:685] - Finished denoising object 15 out of 25
[2025-01-31 11:16:45,044][DEBUG][m:utils][fn:denoise_objects][ln:690] - before denoising: 2888, after denoising: 2888
[2025-01-31 11:16:45,050][DEBUG][m:utils][fn:denoise_objects][ln:685] - Finished denoising object 16 out of 25
[2025-01-31 11:16:45,050][DEBUG][m:utils][fn:denoise_objects][ln:690] - before denoising: 706, after denoising: 706
[2025-01-31 11:16:45,476][DEBUG][m:utils][fn:denoise_objects][ln:685] - Finished denoising object 17 out of 25
[2025-01-31 11:16:45,476][DEBUG][m:utils][fn:denoise_objects][ln:690] - before denoising: 35312, after denoising: 35312
[2025-01-31 11:16:45,492][DEBUG][m:utils][fn:denoise_objects][ln:685] - Finished denoising object 18 out of 25
[2025-01-31 11:16:45,492][DEBUG][m:utils][fn:denoise_objects][ln:690] - before denoising: 1509, after denoising: 1509
[2025-01-31 11:16:45,505][DEBUG][m:utils][fn:denoise_objects][ln:685] - Finished denoising object 19 out of 25
[2025-01-31 11:16:45,505][DEBUG][m:utils][fn:denoise_objects][ln:690] - before denoising: 1317, after denoising: 1317
[2025-01-31 11:16:45,518][DEBUG][m:utils][fn:denoise_objects][ln:685] - Finished denoising object 20 out of 25
[2025-01-31 11:16:45,518][DEBUG][m:utils][fn:denoise_objects][ln:690] - before denoising: 4875, after denoising: 4875
[2025-01-31 11:16:45,525][DEBUG][m:utils][fn:denoise_objects][ln:685] - Finished denoising object 21 out of 25
[2025-01-31 11:16:45,525][DEBUG][m:utils][fn:denoise_objects][ln:690] - before denoising: 969, after denoising: 960
[2025-01-31 11:16:45,532][DEBUG][m:utils][fn:denoise_objects][ln:685] - Finished denoising object 22 out of 25
[2025-01-31 11:16:45,533][DEBUG][m:utils][fn:denoise_objects][ln:690] - before denoising: 646, after denoising: 646
[2025-01-31 11:16:45,564][DEBUG][m:utils][fn:denoise_objects][ln:685] - Finished denoising object 23 out of 25
[2025-01-31 11:16:45,564][DEBUG][m:utils][fn:denoise_objects][ln:690] - before denoising: 3680, after denoising: 3680
[2025-01-31 11:16:45,609][DEBUG][m:utils][fn:denoise_objects][ln:685] - Finished denoising object 24 out of 25
[2025-01-31 11:16:45,609][DEBUG][m:utils][fn:denoise_objects][ln:690] - before denoising: 4127, after denoising: 4106
[2025-01-31 11:16:45,609][DEBUG][m:utils][fn:denoise_objects][ln:691] - Finished denoising with 25 objects
[2025-01-31 11:16:45,912][DEBUG][m:optional_wandb_wrapper][fn:method][ln:139] - Skipping optional wandb call to 'log' because wandb usage is disabled.
[2025-01-31 11:16:45,913][DEBUG][m:optional_wandb_wrapper][fn:method][ln:139] - Skipping optional wandb call to 'log' because wandb usage is disabled.
[2025-01-31 11:16:45,944][DEBUG][m:PngImagePlugin][fn:call][ln:198] - STREAM b'IHDR' 16 13
[2025-01-31 11:16:45,944][DEBUG][m:PngImagePlugin][fn:call][ln:198] - STREAM b'IDAT' 41 8192
[2025-01-31 11:16:45,944][DEBUG][m:PngImagePlugin][fn:call][ln:198] - STREAM b'IHDR' 16 13
[2025-01-31 11:16:45,945][DEBUG][m:PngImagePlugin][fn:call][ln:198] - STREAM b'IDAT' 41 8192
[2025-01-31 11:16:45,956][DEBUG][m:Image][fn:close][ln:637] - Error closing: Operation on closed image
[2025-01-31 11:16:46,865][WARNING][m:optional_rerun_wrapper][fn:orr_log_vlm_image][ln:132] - VLM image not found at path: /home/ubuntu/local_data/Replica/office0/exps/s_detections_stride12/vis/frame000600annotated_for_vlm.jpg
[2025-01-31 11:16:46,865][WARNING][m:optional_rerun_wrapper][fn:orr_log_vlm_image][ln:132] - VLM image not found at path: /home/ubuntu/local_data/Replica/office0/exps/s_detections_stride12/vis/frame000600annotated_for_vlm_w_edges.jpg
[2025-01-31 11:16:47,088][DEBUG][m:optional_wandb_wrapper][fn:method][ln:139] - Skipping optional wandb call to 'log' because wandb usage is disabled.
[2025-01-31 11:16:47,153][DEBUG][m:optional_wandb_wrapper][fn:method][ln:139] - Skipping optional wandb call to 'log' because wandb usage is disabled.
[2025-01-31 11:16:47,153][DEBUG][m:optional_wandb_wrapper][fn:method][ln:139] - Skipping optional wandb call to 'log' because wandb usage is disabled.
[2025-01-31 11:16:47,183][DEBUG][m:PngImagePlugin][fn:call][ln:198] - STREAM b'IHDR' 16 13
[2025-01-31 11:16:47,183][DEBUG][m:PngImagePlugin][fn:call][ln:198] - STREAM b'IDAT' 41 8192
[2025-01-31 11:16:47,183][DEBUG][m:PngImagePlugin][fn:call][ln:198] - STREAM b'IHDR' 16 13
[2025-01-31 11:16:47,183][DEBUG][m:PngImagePlugin][fn:call][ln:198] - STREAM b'IDAT' 41 8192
[2025-01-31 11:16:47,198][DEBUG][m:Image][fn:close][ln:637] - Error closing: Operation on closed image
[2025-01-31 11:16:48,202][WARNING][m:optional_rerun_wrapper][fn:orr_log_vlm_image][ln:132] - VLM image not found at path: /home/ubuntu/local_data/Replica/office0/exps/s_detections_stride12/vis/frame000610annotated_for_vlm.jpg
[2025-01-31 11:16:48,202][WARNING][m:optional_rerun_wrapper][fn:orr_log_vlm_image][ln:132] - VLM image not found at path: /home/ubuntu/local_data/Replica/office0/exps/s_detections_stride12/vis/frame000610annotated_for_vlm_w_edges.jpg
[2025-01-31 11:16:48,487][DEBUG][m:optional_wandb_wrapper][fn:method][ln:139] - Skipping optional wandb call to 'log' because wandb usage is disabled.
[2025-01-31 11:16:48,556][DEBUG][m:optional_wandb_wrapper][fn:method][ln:139] - Skipping optional wandb call to 'log' because wandb usage is disabled.
[2025-01-31 11:16:48,556][DEBUG][m:optional_wandb_wrapper][fn:method][ln:139] - Skipping optional wandb call to 'log' because wandb usage is disabled.
[2025-01-31 11:16:48,588][DEBUG][m:PngImagePlugin][fn:call][ln:198] - STREAM b'IHDR' 16 13
[2025-01-31 11:16:48,588][DEBUG][m:PngImagePlugin][fn:call][ln:198] - STREAM b'IDAT' 41 8192
[2025-01-31 11:16:48,588][DEBUG][m:PngImagePlugin][fn:call][ln:198] - STREAM b'IHDR' 16 13
[2025-01-31 11:16:48,588][DEBUG][m:PngImagePlugin][fn:call][ln:198] - STREAM b'IDAT' 41 8192
[2025-01-31 11:16:48,602][DEBUG][m:Image][fn:close][ln:637] - Error closing: Operation on closed image
[2025-01-31 11:16:49,528][WARNING][m:optional_rerun_wrapper][fn:orr_log_vlm_image][ln:132] - VLM image not found at path: /home/ubuntu/local_data/Replica/office0/exps/s_detections_stride12/vis/frame000620annotated_for_vlm.jpg
[2025-01-31 11:16:49,528][WARNING][m:optional_rerun_wrapper][fn:orr_log_vlm_image][ln:132] - VLM image not found at path: /home/ubuntu/local_data/Replica/office0/exps/s_detections_stride12/vis/frame000620annotated_for_vlm_w_edges.jpg
[2025-01-31 11:16:49,921][DEBUG][m:optional_wandb_wrapper][fn:method][ln:139] - Skipping optional wandb call to 'log' because wandb usage is disabled.
[2025-01-31 11:16:49,983][DEBUG][m:optional_wandb_wrapper][fn:method][ln:139] - Skipping optional wandb call to 'log' because wandb usage is disabled.
[2025-01-31 11:16:49,983][DEBUG][m:optional_wandb_wrapper][fn:method][ln:139] - Skipping optional wandb call to 'log' because wandb usage is disabled.
[2025-01-31 11:16:50,013][DEBUG][m:PngImagePlugin][fn:call][ln:198] - STREAM b'IHDR' 16 13
[2025-01-31 11:16:50,013][DEBUG][m:PngImagePlugin][fn:call][ln:198] - STREAM b'IDAT' 41 8192
[2025-01-31 11:16:50,013][DEBUG][m:PngImagePlugin][fn:call][ln:198] - STREAM b'IHDR' 16 13
[2025-01-31 11:16:50,013][DEBUG][m:PngImagePlugin][fn:call][ln:198] - STREAM b'IDAT' 41 8192
[2025-01-31 11:16:50,029][DEBUG][m:Image][fn:close][ln:637] - Error closing: Operation on closed image
[2025-01-31 11:16:51,153][WARNING][m:optional_rerun_wrapper][fn:orr_log_vlm_image][ln:132] - VLM image not found at path: /home/ubuntu/local_data/Replica/office0/exps/s_detections_stride12/vis/frame000630annotated_for_vlm.jpg
[2025-01-31 11:16:51,153][WARNING][m:optional_rerun_wrapper][fn:orr_log_vlm_image][ln:132] - VLM image not found at path: /home/ubuntu/local_data/Replica/office0/exps/s_detections_stride12/vis/frame000630annotated_for_vlm_w_edges.jpg
[2025-01-31 11:16:51,509][DEBUG][m:optional_wandb_wrapper][fn:method][ln:139] - Skipping optional wandb call to 'log' because wandb usage is disabled.
[2025-01-31 11:16:51,576][DEBUG][m:optional_wandb_wrapper][fn:method][ln:139] - Skipping optional wandb call to 'log' because wandb usage is disabled.
[2025-01-31 11:16:51,576][DEBUG][m:optional_wandb_wrapper][fn:method][ln:139] - Skipping optional wandb call to 'log' because wandb usage is disabled.
[2025-01-31 11:16:51,608][DEBUG][m:PngImagePlugin][fn:call][ln:198] - STREAM b'IHDR' 16 13
[2025-01-31 11:16:51,608][DEBUG][m:PngImagePlugin][fn:call][ln:198] - STREAM b'IDAT' 41 8192
[2025-01-31 11:16:51,608][DEBUG][m:PngImagePlugin][fn:call][ln:198] - STREAM b'IHDR' 16 13
[2025-01-31 11:16:51,608][DEBUG][m:PngImagePlugin][fn:call][ln:198] - STREAM b'IDAT' 41 8192
[2025-01-31 11:16:51,622][DEBUG][m:Image][fn:close][ln:637] - Error closing: Operation on closed image
[2025-01-31 11:16:52,732][WARNING][m:optional_rerun_wrapper][fn:orr_log_vlm_image][ln:132] - VLM image not found at path: /home/ubuntu/local_data/Replica/office0/exps/s_detections_stride12/vis/frame000640annotated_for_vlm.jpg
[2025-01-31 11:16:52,732][WARNING][m:optional_rerun_wrapper][fn:orr_log_vlm_image][ln:132] - VLM image not found at path: /home/ubuntu/local_data/Replica/office0/exps/s_detections_stride12/vis/frame000640annotated_for_vlm_w_edges.jpg
[2025-01-31 11:16:53,037][DEBUG][m:optional_wandb_wrapper][fn:method][ln:139] - Skipping optional wandb call to 'log' because wandb usage is disabled.
[2025-01-31 11:16:53,037][DEBUG][m:utils][fn:denoise_objects][ln:663] - Starting denoising with 24 objects
[2025-01-31 11:16:53,071][DEBUG][m:utils][fn:denoise_objects][ln:685] - Finished denoising object 0 out of 24
[2025-01-31 11:16:53,071][DEBUG][m:utils][fn:denoise_objects][ln:690] - before denoising: 2944, after denoising: 2944
[2025-01-31 11:16:53,110][DEBUG][m:utils][fn:denoise_objects][ln:685] - Finished denoising object 1 out of 24
[2025-01-31 11:16:53,111][DEBUG][m:utils][fn:denoise_objects][ln:690] - before denoising: 3135, after denoising: 3135
[2025-01-31 11:16:53,250][DEBUG][m:utils][fn:denoise_objects][ln:685] - Finished denoising object 2 out of 24
[2025-01-31 11:16:53,250][DEBUG][m:utils][fn:denoise_objects][ln:690] - before denoising: 12315, after denoising: 12315
[2025-01-31 11:16:53,329][DEBUG][m:utils][fn:denoise_objects][ln:685] - Finished denoising object 3 out of 24
[2025-01-31 11:16:53,329][DEBUG][m:utils][fn:denoise_objects][ln:690] - before denoising: 6443, after denoising: 6443
[2025-01-31 11:16:53,491][DEBUG][m:utils][fn:denoise_objects][ln:685] - Finished denoising object 4 out of 24
[2025-01-31 11:16:53,491][DEBUG][m:utils][fn:denoise_objects][ln:690] - before denoising: 18977, after denoising: 18977
[2025-01-31 11:16:53,736][DEBUG][m:utils][fn:denoise_objects][ln:685] - Finished denoising object 5 out of 24
[2025-01-31 11:16:53,737][DEBUG][m:utils][fn:denoise_objects][ln:690] - before denoising: 23803, after denoising: 23803
[2025-01-31 11:16:53,783][DEBUG][m:utils][fn:denoise_objects][ln:685] - Finished denoising object 6 out of 24
[2025-01-31 11:16:53,784][DEBUG][m:utils][fn:denoise_objects][ln:690] - before denoising: 4946, after denoising: 4946
[2025-01-31 11:16:53,822][DEBUG][m:utils][fn:denoise_objects][ln:685] - Finished denoising object 7 out of 24
[2025-01-31 11:16:53,822][DEBUG][m:utils][fn:denoise_objects][ln:690] - before denoising: 3371, after denoising: 3371
[2025-01-31 11:16:53,823][DEBUG][m:utils][fn:denoise_objects][ln:685] - Finished denoising object 8 out of 24
[2025-01-31 11:16:53,823][DEBUG][m:utils][fn:denoise_objects][ln:690] - before denoising: 121, after denoising: 121
[2025-01-31 11:16:53,854][DEBUG][m:utils][fn:denoise_objects][ln:685] - Finished denoising object 9 out of 24
[2025-01-31 11:16:53,855][DEBUG][m:utils][fn:denoise_objects][ln:690] - before denoising: 3556, after denoising: 3556
[2025-01-31 11:16:53,859][DEBUG][m:utils][fn:denoise_objects][ln:685] - Finished denoising object 10 out of 24
[2025-01-31 11:16:53,859][DEBUG][m:utils][fn:denoise_objects][ln:690] - before denoising: 543, after denoising: 543
[2025-01-31 11:16:53,870][DEBUG][m:utils][fn:denoise_objects][ln:685] - Finished denoising object 11 out of 24
[2025-01-31 11:16:53,870][DEBUG][m:utils][fn:denoise_objects][ln:690] - before denoising: 1036, after denoising: 1036
[2025-01-31 11:16:53,921][DEBUG][m:utils][fn:denoise_objects][ln:685] - Finished denoising object 12 out of 24
[2025-01-31 11:16:53,921][DEBUG][m:utils][fn:denoise_objects][ln:690] - before denoising: 4049, after denoising: 4049
[2025-01-31 11:16:54,131][DEBUG][m:utils][fn:denoise_objects][ln:685] - Finished denoising object 13 out of 24
[2025-01-31 11:16:54,131][DEBUG][m:utils][fn:denoise_objects][ln:690] - before denoising: 21048, after denoising: 21048
[2025-01-31 11:16:54,453][DEBUG][m:utils][fn:denoise_objects][ln:685] - Finished denoising object 14 out of 24
[2025-01-31 11:16:54,453][DEBUG][m:utils][fn:denoise_objects][ln:690] - before denoising: 32942, after denoising: 32942
[2025-01-31 11:16:54,480][DEBUG][m:utils][fn:denoise_objects][ln:685] - Finished denoising object 15 out of 24
[2025-01-31 11:16:54,480][DEBUG][m:utils][fn:denoise_objects][ln:690] - before denoising: 2888, after denoising: 2888
[2025-01-31 11:16:54,486][DEBUG][m:utils][fn:denoise_objects][ln:685] - Finished denoising object 16 out of 24
[2025-01-31 11:16:54,486][DEBUG][m:utils][fn:denoise_objects][ln:690] - before denoising: 706, after denoising: 706
[2025-01-31 11:16:54,980][DEBUG][m:utils][fn:denoise_objects][ln:685] - Finished denoising object 17 out of 24
[2025-01-31 11:16:54,980][DEBUG][m:utils][fn:denoise_objects][ln:690] - before denoising: 36709, after denoising: 36709
[2025-01-31 11:16:54,992][DEBUG][m:utils][fn:denoise_objects][ln:685] - Finished denoising object 18 out of 24
[2025-01-31 11:16:54,992][DEBUG][m:utils][fn:denoise_objects][ln:690] - before denoising: 1317, after denoising: 1317
[2025-01-31 11:16:55,005][DEBUG][m:utils][fn:denoise_objects][ln:685] - Finished denoising object 19 out of 24
[2025-01-31 11:16:55,005][DEBUG][m:utils][fn:denoise_objects][ln:690] - before denoising: 4875, after denoising: 4875
[2025-01-31 11:16:55,024][DEBUG][m:utils][fn:denoise_objects][ln:685] - Finished denoising object 20 out of 24
[2025-01-31 11:16:55,024][DEBUG][m:utils][fn:denoise_objects][ln:690] - before denoising: 1865, after denoising: 1865
[2025-01-31 11:16:55,031][DEBUG][m:utils][fn:denoise_objects][ln:685] - Finished denoising object 21 out of 24
[2025-01-31 11:16:55,032][DEBUG][m:utils][fn:denoise_objects][ln:690] - before denoising: 646, after denoising: 646
[2025-01-31 11:16:55,063][DEBUG][m:utils][fn:denoise_objects][ln:685] - Finished denoising object 22 out of 24
[2025-01-31 11:16:55,063][DEBUG][m:utils][fn:denoise_objects][ln:690] - before denoising: 3680, after denoising: 3680
[2025-01-31 11:16:55,110][DEBUG][m:utils][fn:denoise_objects][ln:685] - Finished denoising object 23 out of 24
[2025-01-31 11:16:55,110][DEBUG][m:utils][fn:denoise_objects][ln:690] - before denoising: 4327, after denoising: 4308
[2025-01-31 11:16:55,111][DEBUG][m:utils][fn:denoise_objects][ln:691] - Finished denoising with 24 objects
[2025-01-31 11:16:55,386][DEBUG][m:optional_wandb_wrapper][fn:method][ln:139] - Skipping optional wandb call to 'log' because wandb usage is disabled.
[2025-01-31 11:16:55,386][DEBUG][m:optional_wandb_wrapper][fn:method][ln:139] - Skipping optional wandb call to 'log' because wandb usage is disabled.
[2025-01-31 11:16:55,417][DEBUG][m:PngImagePlugin][fn:call][ln:198] - STREAM b'IHDR' 16 13
[2025-01-31 11:16:55,417][DEBUG][m:PngImagePlugin][fn:call][ln:198] - STREAM b'IDAT' 41 8192
[2025-01-31 11:16:55,417][DEBUG][m:PngImagePlugin][fn:call][ln:198] - STREAM b'IHDR' 16 13
[2025-01-31 11:16:55,417][DEBUG][m:PngImagePlugin][fn:call][ln:198] - STREAM b'IDAT' 41 8192
[2025-01-31 11:16:55,433][DEBUG][m:Image][fn:close][ln:637] - Error closing: Operation on closed image
[2025-01-31 11:16:56,509][WARNING][m:optional_rerun_wrapper][fn:orr_log_vlm_image][ln:132] - VLM image not found at path: /home/ubuntu/local_data/Replica/office0/exps/s_detections_stride12/vis/frame000650annotated_for_vlm.jpg
[2025-01-31 11:16:56,509][WARNING][m:optional_rerun_wrapper][fn:orr_log_vlm_image][ln:132] - VLM image not found at path: /home/ubuntu/local_data/Replica/office0/exps/s_detections_stride12/vis/frame000650annotated_for_vlm_w_edges.jpg
[2025-01-31 11:16:56,510][DEBUG][m:utils][fn:filter_gobs][ln:862] - Skipped due to large bounding box area ratio - Class: couch, Area Ratio: 0.5492
[2025-01-31 11:16:56,696][DEBUG][m:optional_wandb_wrapper][fn:method][ln:139] - Skipping optional wandb call to 'log' because wandb usage is disabled.
[2025-01-31 11:16:56,761][DEBUG][m:optional_wandb_wrapper][fn:method][ln:139] - Skipping optional wandb call to 'log' because wandb usage is disabled.
[2025-01-31 11:16:56,761][DEBUG][m:optional_wandb_wrapper][fn:method][ln:139] - Skipping optional wandb call to 'log' because wandb usage is disabled.
[2025-01-31 11:16:56,793][DEBUG][m:PngImagePlugin][fn:call][ln:198] - STREAM b'IHDR' 16 13
[2025-01-31 11:16:56,793][DEBUG][m:PngImagePlugin][fn:call][ln:198] - STREAM b'IDAT' 41 8192
[2025-01-31 11:16:56,793][DEBUG][m:PngImagePlugin][fn:call][ln:198] - STREAM b'IHDR' 16 13
[2025-01-31 11:16:56,793][DEBUG][m:PngImagePlugin][fn:call][ln:198] - STREAM b'IDAT' 41 8192
[2025-01-31 11:16:56,808][DEBUG][m:Image][fn:close][ln:637] - Error closing: Operation on closed image
[2025-01-31 11:16:58,481][WARNING][m:optional_rerun_wrapper][fn:orr_log_vlm_image][ln:132] - VLM image not found at path: /home/ubuntu/local_data/Replica/office0/exps/s_detections_stride12/vis/frame000660annotated_for_vlm.jpg
[2025-01-31 11:16:58,481][WARNING][m:optional_rerun_wrapper][fn:orr_log_vlm_image][ln:132] - VLM image not found at path: /home/ubuntu/local_data/Replica/office0/exps/s_detections_stride12/vis/frame000660annotated_for_vlm_w_edges.jpg
[2025-01-31 11:16:58,482][DEBUG][m:utils][fn:filter_gobs][ln:862] - Skipped due to large bounding box area ratio - Class: couch, Area Ratio: 0.6406
[2025-01-31 11:16:58,482][DEBUG][m:utils][fn:filter_gobs][ln:862] - Skipped due to large bounding box area ratio - Class: sofa chair, Area Ratio: 0.6470
[2025-01-31 11:16:58,604][DEBUG][m:optional_wandb_wrapper][fn:method][ln:139] - Skipping optional wandb call to 'log' because wandb usage is disabled.
[2025-01-31 11:16:58,675][DEBUG][m:optional_wandb_wrapper][fn:method][ln:139] - Skipping optional wandb call to 'log' because wandb usage is disabled.
[2025-01-31 11:16:58,675][DEBUG][m:optional_wandb_wrapper][fn:method][ln:139] - Skipping optional wandb call to 'log' because wandb usage is disabled.
[2025-01-31 11:16:58,704][DEBUG][m:PngImagePlugin][fn:call][ln:198] - STREAM b'IHDR' 16 13
[2025-01-31 11:16:58,704][DEBUG][m:PngImagePlugin][fn:call][ln:198] - STREAM b'IDAT' 41 8192
[2025-01-31 11:16:58,704][DEBUG][m:PngImagePlugin][fn:call][ln:198] - STREAM b'IHDR' 16 13
[2025-01-31 11:16:58,704][DEBUG][m:PngImagePlugin][fn:call][ln:198] - STREAM b'IDAT' 41 8192
[2025-01-31 11:16:58,718][DEBUG][m:Image][fn:close][ln:637] - Error closing: Operation on closed image
[2025-01-31 11:17:00,154][WARNING][m:optional_rerun_wrapper][fn:orr_log_vlm_image][ln:132] - VLM image not found at path: /home/ubuntu/local_data/Replica/office0/exps/s_detections_stride12/vis/frame000670annotated_for_vlm.jpg
[2025-01-31 11:17:00,154][WARNING][m:optional_rerun_wrapper][fn:orr_log_vlm_image][ln:132] - VLM image not found at path: /home/ubuntu/local_data/Replica/office0/exps/s_detections_stride12/vis/frame000670annotated_for_vlm_w_edges.jpg
[2025-01-31 11:17:00,155][DEBUG][m:utils][fn:filter_gobs][ln:862] - Skipped due to large bounding box area ratio - Class: sofa chair, Area Ratio: 0.7460
[2025-01-31 11:17:00,155][DEBUG][m:utils][fn:filter_gobs][ln:862] - Skipped due to large bounding box area ratio - Class: couch, Area Ratio: 0.7363
[2025-01-31 11:17:00,228][DEBUG][m:optional_wandb_wrapper][fn:method][ln:139] - Skipping optional wandb call to 'log' because wandb usage is disabled.
[2025-01-31 11:17:00,297][DEBUG][m:optional_wandb_wrapper][fn:method][ln:139] - Skipping optional wandb call to 'log' because wandb usage is disabled.
[2025-01-31 11:17:00,298][DEBUG][m:optional_wandb_wrapper][fn:method][ln:139] - Skipping optional wandb call to 'log' because wandb usage is disabled.
[2025-01-31 11:17:00,325][DEBUG][m:PngImagePlugin][fn:call][ln:198] - STREAM b'IHDR' 16 13
[2025-01-31 11:17:00,325][DEBUG][m:PngImagePlugin][fn:call][ln:198] - STREAM b'IDAT' 41 8192
[2025-01-31 11:17:00,325][DEBUG][m:PngImagePlugin][fn:call][ln:198] - STREAM b'IHDR' 16 13
[2025-01-31 11:17:00,325][DEBUG][m:PngImagePlugin][fn:call][ln:198] - STREAM b'IDAT' 41 8192
[2025-01-31 11:17:00,337][DEBUG][m:Image][fn:close][ln:637] - Error closing: Operation on closed image
[2025-01-31 11:17:02,068][WARNING][m:optional_rerun_wrapper][fn:orr_log_vlm_image][ln:132] - VLM image not found at path: /home/ubuntu/local_data/Replica/office0/exps/s_detections_stride12/vis/frame000680annotated_for_vlm.jpg
[2025-01-31 11:17:02,068][WARNING][m:optional_rerun_wrapper][fn:orr_log_vlm_image][ln:132] - VLM image not found at path: /home/ubuntu/local_data/Replica/office0/exps/s_detections_stride12/vis/frame000680annotated_for_vlm_w_edges.jpg
[2025-01-31 11:17:02,069][DEBUG][m:utils][fn:filter_gobs][ln:862] - Skipped due to large bounding box area ratio - Class: sofa chair, Area Ratio: 0.7570
[2025-01-31 11:17:02,069][DEBUG][m:utils][fn:filter_gobs][ln:862] - Skipped due to large bounding box area ratio - Class: couch, Area Ratio: 0.7498
[2025-01-31 11:17:02,141][DEBUG][m:optional_wandb_wrapper][fn:method][ln:139] - Skipping optional wandb call to 'log' because wandb usage is disabled.
[2025-01-31 11:17:02,210][DEBUG][m:optional_wandb_wrapper][fn:method][ln:139] - Skipping optional wandb call to 'log' because wandb usage is disabled.
[2025-01-31 11:17:02,211][DEBUG][m:optional_wandb_wrapper][fn:method][ln:139] - Skipping optional wandb call to 'log' because wandb usage is disabled.
[2025-01-31 11:17:02,240][DEBUG][m:PngImagePlugin][fn:call][ln:198] - STREAM b'IHDR' 16 13
[2025-01-31 11:17:02,240][DEBUG][m:PngImagePlugin][fn:call][ln:198] - STREAM b'IDAT' 41 8192
[2025-01-31 11:17:02,240][DEBUG][m:PngImagePlugin][fn:call][ln:198] - STREAM b'IHDR' 16 13
[2025-01-31 11:17:02,240][DEBUG][m:PngImagePlugin][fn:call][ln:198] - STREAM b'IDAT' 41 8192
[2025-01-31 11:17:02,251][DEBUG][m:Image][fn:close][ln:637] - Error closing: Operation on closed image
[2025-01-31 11:17:03,675][WARNING][m:optional_rerun_wrapper][fn:orr_log_vlm_image][ln:132] - VLM image not found at path: /home/ubuntu/local_data/Replica/office0/exps/s_detections_stride12/vis/frame000690annotated_for_vlm.jpg
[2025-01-31 11:17:03,675][WARNING][m:optional_rerun_wrapper][fn:orr_log_vlm_image][ln:132] - VLM image not found at path: /home/ubuntu/local_data/Replica/office0/exps/s_detections_stride12/vis/frame000690annotated_for_vlm_w_edges.jpg
[2025-01-31 11:17:03,676][DEBUG][m:utils][fn:filter_gobs][ln:862] - Skipped due to large bounding box area ratio - Class: sofa chair, Area Ratio: 0.8277
[2025-01-31 11:17:03,676][DEBUG][m:utils][fn:filter_gobs][ln:862] - Skipped due to large bounding box area ratio - Class: couch, Area Ratio: 0.8197
[2025-01-31 11:17:03,715][DEBUG][m:optional_wandb_wrapper][fn:method][ln:139] - Skipping optional wandb call to 'log' because wandb usage is disabled.
[2025-01-31 11:17:03,716][DEBUG][m:utils][fn:denoise_objects][ln:663] - Starting denoising with 25 objects
[2025-01-31 11:17:03,752][DEBUG][m:utils][fn:denoise_objects][ln:685] - Finished denoising object 0 out of 25
[2025-01-31 11:17:03,752][DEBUG][m:utils][fn:denoise_objects][ln:690] - before denoising: 2944, after denoising: 2944
[2025-01-31 11:17:03,795][DEBUG][m:utils][fn:denoise_objects][ln:685] - Finished denoising object 1 out of 25
[2025-01-31 11:17:03,796][DEBUG][m:utils][fn:denoise_objects][ln:690] - before denoising: 3135, after denoising: 3135
[2025-01-31 11:17:03,952][DEBUG][m:utils][fn:denoise_objects][ln:685] - Finished denoising object 2 out of 25
[2025-01-31 11:17:03,953][DEBUG][m:utils][fn:denoise_objects][ln:690] - before denoising: 12315, after denoising: 12315
[2025-01-31 11:17:04,046][DEBUG][m:utils][fn:denoise_objects][ln:685] - Finished denoising object 3 out of 25
[2025-01-31 11:17:04,047][DEBUG][m:utils][fn:denoise_objects][ln:690] - before denoising: 6443, after denoising: 6443
[2025-01-31 11:17:04,232][DEBUG][m:utils][fn:denoise_objects][ln:685] - Finished denoising object 4 out of 25
[2025-01-31 11:17:04,233][DEBUG][m:utils][fn:denoise_objects][ln:690] - before denoising: 18977, after denoising: 18977
[2025-01-31 11:17:04,512][DEBUG][m:utils][fn:denoise_objects][ln:685] - Finished denoising object 5 out of 25
[2025-01-31 11:17:04,512][DEBUG][m:utils][fn:denoise_objects][ln:690] - before denoising: 23803, after denoising: 23803
[2025-01-31 11:17:04,562][DEBUG][m:utils][fn:denoise_objects][ln:685] - Finished denoising object 6 out of 25
[2025-01-31 11:17:04,563][DEBUG][m:utils][fn:denoise_objects][ln:690] - before denoising: 4946, after denoising: 4946
[2025-01-31 11:17:04,602][DEBUG][m:utils][fn:denoise_objects][ln:685] - Finished denoising object 7 out of 25
[2025-01-31 11:17:04,602][DEBUG][m:utils][fn:denoise_objects][ln:690] - before denoising: 3371, after denoising: 3371
[2025-01-31 11:17:04,603][DEBUG][m:utils][fn:denoise_objects][ln:685] - Finished denoising object 8 out of 25
[2025-01-31 11:17:04,603][DEBUG][m:utils][fn:denoise_objects][ln:690] - before denoising: 121, after denoising: 121
[2025-01-31 11:17:04,636][DEBUG][m:utils][fn:denoise_objects][ln:685] - Finished denoising object 9 out of 25
[2025-01-31 11:17:04,636][DEBUG][m:utils][fn:denoise_objects][ln:690] - before denoising: 3556, after denoising: 3556
[2025-01-31 11:17:04,641][DEBUG][m:utils][fn:denoise_objects][ln:685] - Finished denoising object 10 out of 25
[2025-01-31 11:17:04,641][DEBUG][m:utils][fn:denoise_objects][ln:690] - before denoising: 543, after denoising: 543
[2025-01-31 11:17:04,653][DEBUG][m:utils][fn:denoise_objects][ln:685] - Finished denoising object 11 out of 25
[2025-01-31 11:17:04,653][DEBUG][m:utils][fn:denoise_objects][ln:690] - before denoising: 1036, after denoising: 1036
[2025-01-31 11:17:04,705][DEBUG][m:utils][fn:denoise_objects][ln:685] - Finished denoising object 12 out of 25
[2025-01-31 11:17:04,705][DEBUG][m:utils][fn:denoise_objects][ln:690] - before denoising: 4049, after denoising: 4049
[2025-01-31 11:17:04,944][DEBUG][m:utils][fn:denoise_objects][ln:685] - Finished denoising object 13 out of 25
[2025-01-31 11:17:04,944][DEBUG][m:utils][fn:denoise_objects][ln:690] - before denoising: 21048, after denoising: 21048
[2025-01-31 11:17:05,252][DEBUG][m:utils][fn:denoise_objects][ln:685] - Finished denoising object 14 out of 25
[2025-01-31 11:17:05,253][DEBUG][m:utils][fn:denoise_objects][ln:690] - before denoising: 32144, after denoising: 32144
[2025-01-31 11:17:05,280][DEBUG][m:utils][fn:denoise_objects][ln:685] - Finished denoising object 15 out of 25
[2025-01-31 11:17:05,280][DEBUG][m:utils][fn:denoise_objects][ln:690] - before denoising: 2888, after denoising: 2888
[2025-01-31 11:17:05,286][DEBUG][m:utils][fn:denoise_objects][ln:685] - Finished denoising object 16 out of 25
[2025-01-31 11:17:05,286][DEBUG][m:utils][fn:denoise_objects][ln:690] - before denoising: 706, after denoising: 706
[2025-01-31 11:17:05,774][DEBUG][m:utils][fn:denoise_objects][ln:685] - Finished denoising object 17 out of 25
[2025-01-31 11:17:05,774][DEBUG][m:utils][fn:denoise_objects][ln:690] - before denoising: 36833, after denoising: 36833
[2025-01-31 11:17:05,786][DEBUG][m:utils][fn:denoise_objects][ln:685] - Finished denoising object 18 out of 25
[2025-01-31 11:17:05,786][DEBUG][m:utils][fn:denoise_objects][ln:690] - before denoising: 1317, after denoising: 1317
[2025-01-31 11:17:05,798][DEBUG][m:utils][fn:denoise_objects][ln:685] - Finished denoising object 19 out of 25
[2025-01-31 11:17:05,798][DEBUG][m:utils][fn:denoise_objects][ln:690] - before denoising: 4875, after denoising: 4875
[2025-01-31 11:17:05,820][DEBUG][m:utils][fn:denoise_objects][ln:685] - Finished denoising object 20 out of 25
[2025-01-31 11:17:05,821][DEBUG][m:utils][fn:denoise_objects][ln:690] - before denoising: 1963, after denoising: 1963
[2025-01-31 11:17:05,827][DEBUG][m:utils][fn:denoise_objects][ln:685] - Finished denoising object 21 out of 25
[2025-01-31 11:17:05,827][DEBUG][m:utils][fn:denoise_objects][ln:690] - before denoising: 657, after denoising: 611
[2025-01-31 11:17:05,855][DEBUG][m:utils][fn:denoise_objects][ln:685] - Finished denoising object 22 out of 25
[2025-01-31 11:17:05,856][DEBUG][m:utils][fn:denoise_objects][ln:690] - before denoising: 3515, after denoising: 3515
[2025-01-31 11:17:05,902][DEBUG][m:utils][fn:denoise_objects][ln:685] - Finished denoising object 23 out of 25
[2025-01-31 11:17:05,903][DEBUG][m:utils][fn:denoise_objects][ln:690] - before denoising: 4308, after denoising: 4308
[2025-01-31 11:17:05,903][DEBUG][m:utils][fn:denoise_objects][ln:685] - Finished denoising object 24 out of 25
[2025-01-31 11:17:05,903][DEBUG][m:utils][fn:denoise_objects][ln:690] - before denoising: 47, after denoising: 37
[2025-01-31 11:17:05,903][DEBUG][m:utils][fn:denoise_objects][ln:691] - Finished denoising with 25 objects
[2025-01-31 11:17:06,186][DEBUG][m:optional_wandb_wrapper][fn:method][ln:139] - Skipping optional wandb call to 'log' because wandb usage is disabled.
[2025-01-31 11:17:06,186][DEBUG][m:optional_wandb_wrapper][fn:method][ln:139] - Skipping optional wandb call to 'log' because wandb usage is disabled.
[2025-01-31 11:17:06,215][DEBUG][m:PngImagePlugin][fn:call][ln:198] - STREAM b'IHDR' 16 13
[2025-01-31 11:17:06,215][DEBUG][m:PngImagePlugin][fn:call][ln:198] - STREAM b'IDAT' 41 8192
[2025-01-31 11:17:06,215][DEBUG][m:PngImagePlugin][fn:call][ln:198] - STREAM b'IHDR' 16 13
[2025-01-31 11:17:06,215][DEBUG][m:PngImagePlugin][fn:call][ln:198] - STREAM b'IDAT' 41 8192
[2025-01-31 11:17:06,227][DEBUG][m:Image][fn:close][ln:637] - Error closing: Operation on closed image
[2025-01-31 11:17:07,376][WARNING][m:optional_rerun_wrapper][fn:orr_log_vlm_image][ln:132] - VLM image not found at path: /home/ubuntu/local_data/Replica/office0/exps/s_detections_stride12/vis/frame000700annotated_for_vlm.jpg
[2025-01-31 11:17:07,376][WARNING][m:optional_rerun_wrapper][fn:orr_log_vlm_image][ln:132] - VLM image not found at path: /home/ubuntu/local_data/Replica/office0/exps/s_detections_stride12/vis/frame000700annotated_for_vlm_w_edges.jpg
[2025-01-31 11:17:07,376][DEBUG][m:utils][fn:filter_gobs][ln:862] - Skipped due to large bounding box area ratio - Class: couch, Area Ratio: 0.9771
[2025-01-31 11:17:07,377][DEBUG][m:utils][fn:filter_gobs][ln:862] - Skipped due to large bounding box area ratio - Class: sofa chair, Area Ratio: 0.9772
[2025-01-31 11:17:07,465][DEBUG][m:optional_wandb_wrapper][fn:method][ln:139] - Skipping optional wandb call to 'log' because wandb usage is disabled.
[2025-01-31 11:17:07,539][DEBUG][m:optional_wandb_wrapper][fn:method][ln:139] - Skipping optional wandb call to 'log' because wandb usage is disabled.
[2025-01-31 11:17:07,539][DEBUG][m:optional_wandb_wrapper][fn:method][ln:139] - Skipping optional wandb call to 'log' because wandb usage is disabled.
[2025-01-31 11:17:07,569][DEBUG][m:PngImagePlugin][fn:call][ln:198] - STREAM b'IHDR' 16 13
[2025-01-31 11:17:07,569][DEBUG][m:PngImagePlugin][fn:call][ln:198] - STREAM b'IDAT' 41 8192
[2025-01-31 11:17:07,569][DEBUG][m:PngImagePlugin][fn:call][ln:198] - STREAM b'IHDR' 16 13
[2025-01-31 11:17:07,569][DEBUG][m:PngImagePlugin][fn:call][ln:198] - STREAM b'IDAT' 41 8192
[2025-01-31 11:17:07,581][DEBUG][m:Image][fn:close][ln:637] - Error closing: Operation on closed image
[2025-01-31 11:17:08,552][WARNING][m:optional_rerun_wrapper][fn:orr_log_vlm_image][ln:132] - VLM image not found at path: /home/ubuntu/local_data/Replica/office0/exps/s_detections_stride12/vis/frame000710annotated_for_vlm.jpg
[2025-01-31 11:17:08,552][WARNING][m:optional_rerun_wrapper][fn:orr_log_vlm_image][ln:132] - VLM image not found at path: /home/ubuntu/local_data/Replica/office0/exps/s_detections_stride12/vis/frame000710annotated_for_vlm_w_edges.jpg
[2025-01-31 11:17:08,553][DEBUG][m:utils][fn:filter_gobs][ln:862] - Skipped due to large bounding box area ratio - Class: couch, Area Ratio: 0.9672
[2025-01-31 11:17:08,554][DEBUG][m:utils][fn:filter_gobs][ln:862] - Skipped due to large bounding box area ratio - Class: sofa chair, Area Ratio: 0.6559
[2025-01-31 11:17:08,703][DEBUG][m:optional_wandb_wrapper][fn:method][ln:139] - Skipping optional wandb call to 'log' because wandb usage is disabled.
[2025-01-31 11:17:08,771][DEBUG][m:optional_wandb_wrapper][fn:method][ln:139] - Skipping optional wandb call to 'log' because wandb usage is disabled.
[2025-01-31 11:17:08,771][DEBUG][m:optional_wandb_wrapper][fn:method][ln:139] - Skipping optional wandb call to 'log' because wandb usage is disabled.
[2025-01-31 11:17:08,801][DEBUG][m:PngImagePlugin][fn:call][ln:198] - STREAM b'IHDR' 16 13
[2025-01-31 11:17:08,801][DEBUG][m:PngImagePlugin][fn:call][ln:198] - STREAM b'IDAT' 41 8192
[2025-01-31 11:17:08,801][DEBUG][m:PngImagePlugin][fn:call][ln:198] - STREAM b'IHDR' 16 13
[2025-01-31 11:17:08,801][DEBUG][m:PngImagePlugin][fn:call][ln:198] - STREAM b'IDAT' 41 8192
[2025-01-31 11:17:08,816][DEBUG][m:Image][fn:close][ln:637] - Error closing: Operation on closed image
[2025-01-31 11:17:09,682][WARNING][m:optional_rerun_wrapper][fn:orr_log_vlm_image][ln:132] - VLM image not found at path: /home/ubuntu/local_data/Replica/office0/exps/s_detections_stride12/vis/frame000720annotated_for_vlm.jpg
[2025-01-31 11:17:09,682][WARNING][m:optional_rerun_wrapper][fn:orr_log_vlm_image][ln:132] - VLM image not found at path: /home/ubuntu/local_data/Replica/office0/exps/s_detections_stride12/vis/frame000720annotated_for_vlm_w_edges.jpg
[2025-01-31 11:17:09,683][DEBUG][m:utils][fn:filter_gobs][ln:862] - Skipped due to large bounding box area ratio - Class: sofa chair, Area Ratio: 0.7705
[2025-01-31 11:17:09,684][DEBUG][m:utils][fn:filter_gobs][ln:862] - Skipped due to large bounding box area ratio - Class: couch, Area Ratio: 0.8977
[2025-01-31 11:17:09,864][DEBUG][m:optional_wandb_wrapper][fn:method][ln:139] - Skipping optional wandb call to 'log' because wandb usage is disabled.
[2025-01-31 11:17:09,937][DEBUG][m:optional_wandb_wrapper][fn:method][ln:139] - Skipping optional wandb call to 'log' because wandb usage is disabled.
[2025-01-31 11:17:09,938][DEBUG][m:optional_wandb_wrapper][fn:method][ln:139] - Skipping optional wandb call to 'log' because wandb usage is disabled.
[2025-01-31 11:17:09,963][DEBUG][m:PngImagePlugin][fn:call][ln:198] - STREAM b'IHDR' 16 13
[2025-01-31 11:17:09,964][DEBUG][m:PngImagePlugin][fn:call][ln:198] - STREAM b'IDAT' 41 8192
[2025-01-31 11:17:09,964][DEBUG][m:PngImagePlugin][fn:call][ln:198] - STREAM b'IHDR' 16 13
[2025-01-31 11:17:09,964][DEBUG][m:PngImagePlugin][fn:call][ln:198] - STREAM b'IDAT' 41 8192
[2025-01-31 11:17:09,977][DEBUG][m:Image][fn:close][ln:637] - Error closing: Operation on closed image
[2025-01-31 11:17:11,131][WARNING][m:optional_rerun_wrapper][fn:orr_log_vlm_image][ln:132] - VLM image not found at path: /home/ubuntu/local_data/Replica/office0/exps/s_detections_stride12/vis/frame000730annotated_for_vlm.jpg
[2025-01-31 11:17:11,132][WARNING][m:optional_rerun_wrapper][fn:orr_log_vlm_image][ln:132] - VLM image not found at path: /home/ubuntu/local_data/Replica/office0/exps/s_detections_stride12/vis/frame000730annotated_for_vlm_w_edges.jpg
[2025-01-31 11:17:11,132][DEBUG][m:utils][fn:filter_gobs][ln:862] - Skipped due to large bounding box area ratio - Class: sofa chair, Area Ratio: 0.6006
[2025-01-31 11:17:11,135][DEBUG][m:utils][fn:filter_gobs][ln:862] - Skipped due to large bounding box area ratio - Class: sofa chair, Area Ratio: 0.7868
[2025-01-31 11:17:11,340][DEBUG][m:optional_wandb_wrapper][fn:method][ln:139] - Skipping optional wandb call to 'log' because wandb usage is disabled.
[2025-01-31 11:17:11,411][DEBUG][m:optional_wandb_wrapper][fn:method][ln:139] - Skipping optional wandb call to 'log' because wandb usage is disabled.
[2025-01-31 11:17:11,411][DEBUG][m:optional_wandb_wrapper][fn:method][ln:139] - Skipping optional wandb call to 'log' because wandb usage is disabled.
[2025-01-31 11:17:11,440][DEBUG][m:PngImagePlugin][fn:call][ln:198] - STREAM b'IHDR' 16 13
[2025-01-31 11:17:11,440][DEBUG][m:PngImagePlugin][fn:call][ln:198] - STREAM b'IDAT' 41 8192
[2025-01-31 11:17:11,440][DEBUG][m:PngImagePlugin][fn:call][ln:198] - STREAM b'IHDR' 16 13
[2025-01-31 11:17:11,440][DEBUG][m:PngImagePlugin][fn:call][ln:198] - STREAM b'IDAT' 41 8192
[2025-01-31 11:17:11,454][DEBUG][m:Image][fn:close][ln:637] - Error closing: Operation on closed image
[2025-01-31 11:17:12,779][WARNING][m:optional_rerun_wrapper][fn:orr_log_vlm_image][ln:132] - VLM image not found at path: /home/ubuntu/local_data/Replica/office0/exps/s_detections_stride12/vis/frame000740annotated_for_vlm.jpg
[2025-01-31 11:17:12,779][WARNING][m:optional_rerun_wrapper][fn:orr_log_vlm_image][ln:132] - VLM image not found at path: /home/ubuntu/local_data/Replica/office0/exps/s_detections_stride12/vis/frame000740annotated_for_vlm_w_edges.jpg
[2025-01-31 11:17:12,782][DEBUG][m:utils][fn:filter_gobs][ln:862] - Skipped due to large bounding box area ratio - Class: couch, Area Ratio: 0.7090
[2025-01-31 11:17:12,783][DEBUG][m:utils][fn:filter_gobs][ln:862] - Skipped due to large bounding box area ratio - Class: sofa chair, Area Ratio: 0.6959
[2025-01-31 11:17:13,088][DEBUG][m:optional_wandb_wrapper][fn:method][ln:139] - Skipping optional wandb call to 'log' because wandb usage is disabled.
[2025-01-31 11:17:13,089][DEBUG][m:utils][fn:denoise_objects][ln:663] - Starting denoising with 27 objects
[2025-01-31 11:17:13,123][DEBUG][m:utils][fn:denoise_objects][ln:685] - Finished denoising object 0 out of 27
[2025-01-31 11:17:13,123][DEBUG][m:utils][fn:denoise_objects][ln:690] - before denoising: 2944, after denoising: 2944
[2025-01-31 11:17:13,162][DEBUG][m:utils][fn:denoise_objects][ln:685] - Finished denoising object 1 out of 27
[2025-01-31 11:17:13,162][DEBUG][m:utils][fn:denoise_objects][ln:690] - before denoising: 3135, after denoising: 3135
[2025-01-31 11:17:13,381][DEBUG][m:utils][fn:denoise_objects][ln:685] - Finished denoising object 2 out of 27
[2025-01-31 11:17:13,382][DEBUG][m:utils][fn:denoise_objects][ln:690] - before denoising: 17863, after denoising: 17863
[2025-01-31 11:17:13,473][DEBUG][m:utils][fn:denoise_objects][ln:685] - Finished denoising object 3 out of 27
[2025-01-31 11:17:13,473][DEBUG][m:utils][fn:denoise_objects][ln:690] - before denoising: 6443, after denoising: 6443
[2025-01-31 11:17:13,656][DEBUG][m:utils][fn:denoise_objects][ln:685] - Finished denoising object 4 out of 27
[2025-01-31 11:17:13,656][DEBUG][m:utils][fn:denoise_objects][ln:690] - before denoising: 18977, after denoising: 18977
[2025-01-31 11:17:13,933][DEBUG][m:utils][fn:denoise_objects][ln:685] - Finished denoising object 5 out of 27
[2025-01-31 11:17:13,933][DEBUG][m:utils][fn:denoise_objects][ln:690] - before denoising: 23803, after denoising: 23803
[2025-01-31 11:17:13,984][DEBUG][m:utils][fn:denoise_objects][ln:685] - Finished denoising object 6 out of 27
[2025-01-31 11:17:13,984][DEBUG][m:utils][fn:denoise_objects][ln:690] - before denoising: 4946, after denoising: 4946
[2025-01-31 11:17:14,025][DEBUG][m:utils][fn:denoise_objects][ln:685] - Finished denoising object 7 out of 27
[2025-01-31 11:17:14,025][DEBUG][m:utils][fn:denoise_objects][ln:690] - before denoising: 3371, after denoising: 3371
[2025-01-31 11:17:14,027][DEBUG][m:utils][fn:denoise_objects][ln:685] - Finished denoising object 8 out of 27
[2025-01-31 11:17:14,027][DEBUG][m:utils][fn:denoise_objects][ln:690] - before denoising: 121, after denoising: 121
[2025-01-31 11:17:14,063][DEBUG][m:utils][fn:denoise_objects][ln:685] - Finished denoising object 9 out of 27
[2025-01-31 11:17:14,063][DEBUG][m:utils][fn:denoise_objects][ln:690] - before denoising: 3556, after denoising: 3556
[2025-01-31 11:17:14,068][DEBUG][m:utils][fn:denoise_objects][ln:685] - Finished denoising object 10 out of 27
[2025-01-31 11:17:14,068][DEBUG][m:utils][fn:denoise_objects][ln:690] - before denoising: 543, after denoising: 543
[2025-01-31 11:17:14,079][DEBUG][m:utils][fn:denoise_objects][ln:685] - Finished denoising object 11 out of 27
[2025-01-31 11:17:14,079][DEBUG][m:utils][fn:denoise_objects][ln:690] - before denoising: 1036, after denoising: 1036
[2025-01-31 11:17:14,130][DEBUG][m:utils][fn:denoise_objects][ln:685] - Finished denoising object 12 out of 27
[2025-01-31 11:17:14,130][DEBUG][m:utils][fn:denoise_objects][ln:690] - before denoising: 4049, after denoising: 4049
[2025-01-31 11:17:14,347][DEBUG][m:utils][fn:denoise_objects][ln:685] - Finished denoising object 13 out of 27
[2025-01-31 11:17:14,347][DEBUG][m:utils][fn:denoise_objects][ln:690] - before denoising: 21048, after denoising: 21048
[2025-01-31 11:17:14,667][DEBUG][m:utils][fn:denoise_objects][ln:685] - Finished denoising object 14 out of 27
[2025-01-31 11:17:14,667][DEBUG][m:utils][fn:denoise_objects][ln:690] - before denoising: 32144, after denoising: 32144
[2025-01-31 11:17:14,695][DEBUG][m:utils][fn:denoise_objects][ln:685] - Finished denoising object 15 out of 27
[2025-01-31 11:17:14,695][DEBUG][m:utils][fn:denoise_objects][ln:690] - before denoising: 2888, after denoising: 2888
[2025-01-31 11:17:14,701][DEBUG][m:utils][fn:denoise_objects][ln:685] - Finished denoising object 16 out of 27
[2025-01-31 11:17:14,701][DEBUG][m:utils][fn:denoise_objects][ln:690] - before denoising: 706, after denoising: 706
[2025-01-31 11:17:15,187][DEBUG][m:utils][fn:denoise_objects][ln:685] - Finished denoising object 17 out of 27
[2025-01-31 11:17:15,187][DEBUG][m:utils][fn:denoise_objects][ln:690] - before denoising: 38202, after denoising: 38202
[2025-01-31 11:17:15,200][DEBUG][m:utils][fn:denoise_objects][ln:685] - Finished denoising object 18 out of 27
[2025-01-31 11:17:15,200][DEBUG][m:utils][fn:denoise_objects][ln:690] - before denoising: 1317, after denoising: 1317
[2025-01-31 11:17:15,212][DEBUG][m:utils][fn:denoise_objects][ln:685] - Finished denoising object 19 out of 27
[2025-01-31 11:17:15,212][DEBUG][m:utils][fn:denoise_objects][ln:690] - before denoising: 4875, after denoising: 4875
[2025-01-31 11:17:15,234][DEBUG][m:utils][fn:denoise_objects][ln:685] - Finished denoising object 20 out of 27
[2025-01-31 11:17:15,234][DEBUG][m:utils][fn:denoise_objects][ln:690] - before denoising: 1963, after denoising: 1963
[2025-01-31 11:17:15,240][DEBUG][m:utils][fn:denoise_objects][ln:685] - Finished denoising object 21 out of 27
[2025-01-31 11:17:15,240][DEBUG][m:utils][fn:denoise_objects][ln:690] - before denoising: 611, after denoising: 611
[2025-01-31 11:17:15,281][DEBUG][m:utils][fn:denoise_objects][ln:685] - Finished denoising object 22 out of 27
[2025-01-31 11:17:15,282][DEBUG][m:utils][fn:denoise_objects][ln:690] - before denoising: 4912, after denoising: 4912
[2025-01-31 11:17:15,330][DEBUG][m:utils][fn:denoise_objects][ln:685] - Finished denoising object 23 out of 27
[2025-01-31 11:17:15,330][DEBUG][m:utils][fn:denoise_objects][ln:690] - before denoising: 4308, after denoising: 4308
[2025-01-31 11:17:15,331][DEBUG][m:utils][fn:denoise_objects][ln:685] - Finished denoising object 24 out of 27
[2025-01-31 11:17:15,331][DEBUG][m:utils][fn:denoise_objects][ln:690] - before denoising: 37, after denoising: 37
[2025-01-31 11:17:15,380][DEBUG][m:utils][fn:denoise_objects][ln:685] - Finished denoising object 25 out of 27
[2025-01-31 11:17:15,380][DEBUG][m:utils][fn:denoise_objects][ln:690] - before denoising: 6212, after denoising: 6212
[2025-01-31 11:17:15,383][DEBUG][m:utils][fn:denoise_objects][ln:685] - Finished denoising object 26 out of 27
[2025-01-31 11:17:15,383][DEBUG][m:utils][fn:denoise_objects][ln:690] - before denoising: 616, after denoising: 469
[2025-01-31 11:17:15,383][DEBUG][m:utils][fn:denoise_objects][ln:691] - Finished denoising with 27 objects
[2025-01-31 11:17:16,667][DEBUG][m:optional_wandb_wrapper][fn:method][ln:139] - Skipping optional wandb call to 'log' because wandb usage is disabled.
[2025-01-31 11:17:16,667][DEBUG][m:optional_wandb_wrapper][fn:method][ln:139] - Skipping optional wandb call to 'log' because wandb usage is disabled.
[2025-01-31 11:17:16,695][DEBUG][m:PngImagePlugin][fn:call][ln:198] - STREAM b'IHDR' 16 13
[2025-01-31 11:17:16,695][DEBUG][m:PngImagePlugin][fn:call][ln:198] - STREAM b'IDAT' 41 8192
[2025-01-31 11:17:16,695][DEBUG][m:PngImagePlugin][fn:call][ln:198] - STREAM b'IHDR' 16 13
[2025-01-31 11:17:16,695][DEBUG][m:PngImagePlugin][fn:call][ln:198] - STREAM b'IDAT' 41 8192
[2025-01-31 11:17:16,708][DEBUG][m:Image][fn:close][ln:637] - Error closing: Operation on closed image
[2025-01-31 11:17:17,966][WARNING][m:optional_rerun_wrapper][fn:orr_log_vlm_image][ln:132] - VLM image not found at path: /home/ubuntu/local_data/Replica/office0/exps/s_detections_stride12/vis/frame000750annotated_for_vlm.jpg
[2025-01-31 11:17:17,966][WARNING][m:optional_rerun_wrapper][fn:orr_log_vlm_image][ln:132] - VLM image not found at path: /home/ubuntu/local_data/Replica/office0/exps/s_detections_stride12/vis/frame000750annotated_for_vlm_w_edges.jpg
[2025-01-31 11:17:17,968][DEBUG][m:utils][fn:filter_gobs][ln:862] - Skipped due to large bounding box area ratio - Class: couch, Area Ratio: 0.5726
[2025-01-31 11:17:17,969][DEBUG][m:utils][fn:filter_gobs][ln:862] - Skipped due to large bounding box area ratio - Class: sofa chair, Area Ratio: 0.5573
[2025-01-31 11:17:18,339][DEBUG][m:optional_wandb_wrapper][fn:method][ln:139] - Skipping optional wandb call to 'log' because wandb usage is disabled.
[2025-01-31 11:17:18,414][DEBUG][m:optional_wandb_wrapper][fn:method][ln:139] - Skipping optional wandb call to 'log' because wandb usage is disabled.
[2025-01-31 11:17:18,414][DEBUG][m:optional_wandb_wrapper][fn:method][ln:139] - Skipping optional wandb call to 'log' because wandb usage is disabled.
[2025-01-31 11:17:18,444][DEBUG][m:PngImagePlugin][fn:call][ln:198] - STREAM b'IHDR' 16 13
[2025-01-31 11:17:18,444][DEBUG][m:PngImagePlugin][fn:call][ln:198] - STREAM b'IDAT' 41 8192
[2025-01-31 11:17:18,444][DEBUG][m:PngImagePlugin][fn:call][ln:198] - STREAM b'IHDR' 16 13
[2025-01-31 11:17:18,444][DEBUG][m:PngImagePlugin][fn:call][ln:198] - STREAM b'IDAT' 41 8192
[2025-01-31 11:17:18,459][DEBUG][m:Image][fn:close][ln:637] - Error closing: Operation on closed image
[2025-01-31 11:17:19,834][WARNING][m:optional_rerun_wrapper][fn:orr_log_vlm_image][ln:132] - VLM image not found at path: /home/ubuntu/local_data/Replica/office0/exps/s_detections_stride12/vis/frame000760annotated_for_vlm.jpg
[2025-01-31 11:17:19,835][WARNING][m:optional_rerun_wrapper][fn:orr_log_vlm_image][ln:132] - VLM image not found at path: /home/ubuntu/local_data/Replica/office0/exps/s_detections_stride12/vis/frame000760annotated_for_vlm_w_edges.jpg
[2025-01-31 11:17:20,438][DEBUG][m:optional_wandb_wrapper][fn:method][ln:139] - Skipping optional wandb call to 'log' because wandb usage is disabled.
[2025-01-31 11:17:20,502][DEBUG][m:optional_wandb_wrapper][fn:method][ln:139] - Skipping optional wandb call to 'log' because wandb usage is disabled.
[2025-01-31 11:17:20,502][DEBUG][m:optional_wandb_wrapper][fn:method][ln:139] - Skipping optional wandb call to 'log' because wandb usage is disabled.
[2025-01-31 11:17:20,532][DEBUG][m:PngImagePlugin][fn:call][ln:198] - STREAM b'IHDR' 16 13
[2025-01-31 11:17:20,532][DEBUG][m:PngImagePlugin][fn:call][ln:198] - STREAM b'IDAT' 41 8192
[2025-01-31 11:17:20,532][DEBUG][m:PngImagePlugin][fn:call][ln:198] - STREAM b'IHDR' 16 13
[2025-01-31 11:17:20,532][DEBUG][m:PngImagePlugin][fn:call][ln:198] - STREAM b'IDAT' 41 8192
[2025-01-31 11:17:20,548][DEBUG][m:Image][fn:close][ln:637] - Error closing: Operation on closed image
[2025-01-31 11:17:22,379][WARNING][m:optional_rerun_wrapper][fn:orr_log_vlm_image][ln:132] - VLM image not found at path: /home/ubuntu/local_data/Replica/office0/exps/s_detections_stride12/vis/frame000770annotated_for_vlm.jpg
[2025-01-31 11:17:22,379][WARNING][m:optional_rerun_wrapper][fn:orr_log_vlm_image][ln:132] - VLM image not found at path: /home/ubuntu/local_data/Replica/office0/exps/s_detections_stride12/vis/frame000770annotated_for_vlm_w_edges.jpg
[2025-01-31 11:17:23,076][DEBUG][m:optional_wandb_wrapper][fn:method][ln:139] - Skipping optional wandb call to 'log' because wandb usage is disabled.
[2025-01-31 11:17:23,141][DEBUG][m:optional_wandb_wrapper][fn:method][ln:139] - Skipping optional wandb call to 'log' because wandb usage is disabled.
[2025-01-31 11:17:23,141][DEBUG][m:optional_wandb_wrapper][fn:method][ln:139] - Skipping optional wandb call to 'log' because wandb usage is disabled.
[2025-01-31 11:17:23,170][DEBUG][m:PngImagePlugin][fn:call][ln:198] - STREAM b'IHDR' 16 13
[2025-01-31 11:17:23,170][DEBUG][m:PngImagePlugin][fn:call][ln:198] - STREAM b'IDAT' 41 8192
[2025-01-31 11:17:23,170][DEBUG][m:PngImagePlugin][fn:call][ln:198] - STREAM b'IHDR' 16 13
[2025-01-31 11:17:23,170][DEBUG][m:PngImagePlugin][fn:call][ln:198] - STREAM b'IDAT' 41 8192
[2025-01-31 11:17:23,184][DEBUG][m:Image][fn:close][ln:637] - Error closing: Operation on closed image
[2025-01-31 11:17:25,051][WARNING][m:optional_rerun_wrapper][fn:orr_log_vlm_image][ln:132] - VLM image not found at path: /home/ubuntu/local_data/Replica/office0/exps/s_detections_stride12/vis/frame000780annotated_for_vlm.jpg
[2025-01-31 11:17:25,052][WARNING][m:optional_rerun_wrapper][fn:orr_log_vlm_image][ln:132] - VLM image not found at path: /home/ubuntu/local_data/Replica/office0/exps/s_detections_stride12/vis/frame000780annotated_for_vlm_w_edges.jpg
[2025-01-31 11:17:25,877][DEBUG][m:optional_wandb_wrapper][fn:method][ln:139] - Skipping optional wandb call to 'log' because wandb usage is disabled.
[2025-01-31 11:17:25,957][DEBUG][m:optional_wandb_wrapper][fn:method][ln:139] - Skipping optional wandb call to 'log' because wandb usage is disabled.
[2025-01-31 11:17:25,958][DEBUG][m:optional_wandb_wrapper][fn:method][ln:139] - Skipping optional wandb call to 'log' because wandb usage is disabled.
[2025-01-31 11:17:25,991][DEBUG][m:PngImagePlugin][fn:call][ln:198] - STREAM b'IHDR' 16 13
[2025-01-31 11:17:25,991][DEBUG][m:PngImagePlugin][fn:call][ln:198] - STREAM b'IDAT' 41 8192
[2025-01-31 11:17:25,991][DEBUG][m:PngImagePlugin][fn:call][ln:198] - STREAM b'IHDR' 16 13
[2025-01-31 11:17:25,991][DEBUG][m:PngImagePlugin][fn:call][ln:198] - STREAM b'IDAT' 41 8192
[2025-01-31 11:17:26,004][DEBUG][m:Image][fn:close][ln:637] - Error closing: Operation on closed image
[2025-01-31 11:17:28,200][WARNING][m:optional_rerun_wrapper][fn:orr_log_vlm_image][ln:132] - VLM image not found at path: /home/ubuntu/local_data/Replica/office0/exps/s_detections_stride12/vis/frame000790annotated_for_vlm.jpg
[2025-01-31 11:17:28,200][WARNING][m:optional_rerun_wrapper][fn:orr_log_vlm_image][ln:132] - VLM image not found at path: /home/ubuntu/local_data/Replica/office0/exps/s_detections_stride12/vis/frame000790annotated_for_vlm_w_edges.jpg
[2025-01-31 11:17:29,198][DEBUG][m:optional_wandb_wrapper][fn:method][ln:139] - Skipping optional wandb call to 'log' because wandb usage is disabled.
[2025-01-31 11:17:29,198][DEBUG][m:utils][fn:denoise_objects][ln:663] - Starting denoising with 26 objects
[2025-01-31 11:17:29,236][DEBUG][m:utils][fn:denoise_objects][ln:685] - Finished denoising object 0 out of 26
[2025-01-31 11:17:29,236][DEBUG][m:utils][fn:denoise_objects][ln:690] - before denoising: 3115, after denoising: 3069
[2025-01-31 11:17:29,277][DEBUG][m:utils][fn:denoise_objects][ln:685] - Finished denoising object 1 out of 26
[2025-01-31 11:17:29,278][DEBUG][m:utils][fn:denoise_objects][ln:690] - before denoising: 3261, after denoising: 3241
[2025-01-31 11:17:29,367][DEBUG][m:utils][fn:denoise_objects][ln:685] - Finished denoising object 2 out of 26
[2025-01-31 11:17:29,367][DEBUG][m:utils][fn:denoise_objects][ln:690] - before denoising: 6387, after denoising: 6387
[2025-01-31 11:17:29,580][DEBUG][m:utils][fn:denoise_objects][ln:685] - Finished denoising object 3 out of 26
[2025-01-31 11:17:29,580][DEBUG][m:utils][fn:denoise_objects][ln:690] - before denoising: 20242, after denoising: 20242
[2025-01-31 11:17:29,877][DEBUG][m:utils][fn:denoise_objects][ln:685] - Finished denoising object 4 out of 26
[2025-01-31 11:17:29,878][DEBUG][m:utils][fn:denoise_objects][ln:690] - before denoising: 24159, after denoising: 24159
[2025-01-31 11:17:29,931][DEBUG][m:utils][fn:denoise_objects][ln:685] - Finished denoising object 5 out of 26
[2025-01-31 11:17:29,931][DEBUG][m:utils][fn:denoise_objects][ln:690] - before denoising: 4946, after denoising: 4946
[2025-01-31 11:17:30,169][DEBUG][m:utils][fn:denoise_objects][ln:685] - Finished denoising object 6 out of 26
[2025-01-31 11:17:30,169][DEBUG][m:utils][fn:denoise_objects][ln:690] - before denoising: 19596, after denoising: 19596
[2025-01-31 11:17:30,170][DEBUG][m:utils][fn:denoise_objects][ln:685] - Finished denoising object 7 out of 26
[2025-01-31 11:17:30,170][DEBUG][m:utils][fn:denoise_objects][ln:690] - before denoising: 137, after denoising: 123
[2025-01-31 11:17:30,216][DEBUG][m:utils][fn:denoise_objects][ln:685] - Finished denoising object 8 out of 26
[2025-01-31 11:17:30,216][DEBUG][m:utils][fn:denoise_objects][ln:690] - before denoising: 4866, after denoising: 4406
[2025-01-31 11:17:30,222][DEBUG][m:utils][fn:denoise_objects][ln:685] - Finished denoising object 9 out of 26
[2025-01-31 11:17:30,222][DEBUG][m:utils][fn:denoise_objects][ln:690] - before denoising: 543, after denoising: 543
[2025-01-31 11:17:30,235][DEBUG][m:utils][fn:denoise_objects][ln:685] - Finished denoising object 10 out of 26
[2025-01-31 11:17:30,235][DEBUG][m:utils][fn:denoise_objects][ln:690] - before denoising: 1036, after denoising: 1036
[2025-01-31 11:17:30,292][DEBUG][m:utils][fn:denoise_objects][ln:685] - Finished denoising object 11 out of 26
[2025-01-31 11:17:30,292][DEBUG][m:utils][fn:denoise_objects][ln:690] - before denoising: 4049, after denoising: 4049
[2025-01-31 11:17:30,542][DEBUG][m:utils][fn:denoise_objects][ln:685] - Finished denoising object 12 out of 26
[2025-01-31 11:17:30,543][DEBUG][m:utils][fn:denoise_objects][ln:690] - before denoising: 21048, after denoising: 21048
[2025-01-31 11:17:30,905][DEBUG][m:utils][fn:denoise_objects][ln:685] - Finished denoising object 13 out of 26
[2025-01-31 11:17:30,906][DEBUG][m:utils][fn:denoise_objects][ln:690] - before denoising: 32144, after denoising: 32144
[2025-01-31 11:17:30,937][DEBUG][m:utils][fn:denoise_objects][ln:685] - Finished denoising object 14 out of 26
[2025-01-31 11:17:30,937][DEBUG][m:utils][fn:denoise_objects][ln:690] - before denoising: 2888, after denoising: 2888
[2025-01-31 11:17:30,943][DEBUG][m:utils][fn:denoise_objects][ln:685] - Finished denoising object 15 out of 26
[2025-01-31 11:17:30,943][DEBUG][m:utils][fn:denoise_objects][ln:690] - before denoising: 706, after denoising: 706
[2025-01-31 11:17:30,966][DEBUG][m:utils][fn:denoise_objects][ln:685] - Finished denoising object 16 out of 26
[2025-01-31 11:17:30,966][DEBUG][m:utils][fn:denoise_objects][ln:690] - before denoising: 1875, after denoising: 1875
[2025-01-31 11:17:30,980][DEBUG][m:utils][fn:denoise_objects][ln:685] - Finished denoising object 17 out of 26
[2025-01-31 11:17:30,980][DEBUG][m:utils][fn:denoise_objects][ln:690] - before denoising: 4875, after denoising: 4875
[2025-01-31 11:17:31,006][DEBUG][m:utils][fn:denoise_objects][ln:685] - Finished denoising object 18 out of 26
[2025-01-31 11:17:31,006][DEBUG][m:utils][fn:denoise_objects][ln:690] - before denoising: 1963, after denoising: 1963
[2025-01-31 11:17:31,013][DEBUG][m:utils][fn:denoise_objects][ln:685] - Finished denoising object 19 out of 26
[2025-01-31 11:17:31,014][DEBUG][m:utils][fn:denoise_objects][ln:690] - before denoising: 623, after denoising: 617
[2025-01-31 11:17:31,085][DEBUG][m:utils][fn:denoise_objects][ln:685] - Finished denoising object 20 out of 26
[2025-01-31 11:17:31,085][DEBUG][m:utils][fn:denoise_objects][ln:690] - before denoising: 6946, after denoising: 6920
[2025-01-31 11:17:31,140][DEBUG][m:utils][fn:denoise_objects][ln:685] - Finished denoising object 21 out of 26
[2025-01-31 11:17:31,141][DEBUG][m:utils][fn:denoise_objects][ln:690] - before denoising: 4308, after denoising: 4308
[2025-01-31 11:17:31,141][DEBUG][m:utils][fn:denoise_objects][ln:685] - Finished denoising object 22 out of 26
[2025-01-31 11:17:31,141][DEBUG][m:utils][fn:denoise_objects][ln:690] - before denoising: 37, after denoising: 37
[2025-01-31 11:17:31,428][DEBUG][m:utils][fn:denoise_objects][ln:685] - Finished denoising object 23 out of 26
[2025-01-31 11:17:31,428][DEBUG][m:utils][fn:denoise_objects][ln:690] - before denoising: 21935, after denoising: 21935
[2025-01-31 11:17:32,009][DEBUG][m:utils][fn:denoise_objects][ln:685] - Finished denoising object 24 out of 26
[2025-01-31 11:17:32,009][DEBUG][m:utils][fn:denoise_objects][ln:690] - before denoising: 40285, after denoising: 40285
[2025-01-31 11:17:32,031][DEBUG][m:utils][fn:denoise_objects][ln:685] - Finished denoising object 25 out of 26
[2025-01-31 11:17:32,031][DEBUG][m:utils][fn:denoise_objects][ln:690] - before denoising: 2298, after denoising: 2112
[2025-01-31 11:17:32,031][DEBUG][m:utils][fn:denoise_objects][ln:691] - Finished denoising with 26 objects
[2025-01-31 11:17:32,954][DEBUG][m:optional_wandb_wrapper][fn:method][ln:139] - Skipping optional wandb call to 'log' because wandb usage is disabled.
[2025-01-31 11:17:32,954][DEBUG][m:optional_wandb_wrapper][fn:method][ln:139] - Skipping optional wandb call to 'log' because wandb usage is disabled.
[2025-01-31 11:17:32,983][DEBUG][m:PngImagePlugin][fn:call][ln:198] - STREAM b'IHDR' 16 13
[2025-01-31 11:17:32,983][DEBUG][m:PngImagePlugin][fn:call][ln:198] - STREAM b'IDAT' 41 8192
[2025-01-31 11:17:32,983][DEBUG][m:PngImagePlugin][fn:call][ln:198] - STREAM b'IHDR' 16 13
[2025-01-31 11:17:32,983][DEBUG][m:PngImagePlugin][fn:call][ln:198] - STREAM b'IDAT' 41 8192
[2025-01-31 11:17:32,997][DEBUG][m:Image][fn:close][ln:637] - Error closing: Operation on closed image
[2025-01-31 11:17:34,756][WARNING][m:optional_rerun_wrapper][fn:orr_log_vlm_image][ln:132] - VLM image not found at path: /home/ubuntu/local_data/Replica/office0/exps/s_detections_stride12/vis/frame000800annotated_for_vlm.jpg
[2025-01-31 11:17:34,757][WARNING][m:optional_rerun_wrapper][fn:orr_log_vlm_image][ln:132] - VLM image not found at path: /home/ubuntu/local_data/Replica/office0/exps/s_detections_stride12/vis/frame000800annotated_for_vlm_w_edges.jpg
[2025-01-31 11:17:35,643][DEBUG][m:optional_wandb_wrapper][fn:method][ln:139] - Skipping optional wandb call to 'log' because wandb usage is disabled.
[2025-01-31 11:17:35,704][DEBUG][m:optional_wandb_wrapper][fn:method][ln:139] - Skipping optional wandb call to 'log' because wandb usage is disabled.
[2025-01-31 11:17:35,704][DEBUG][m:optional_wandb_wrapper][fn:method][ln:139] - Skipping optional wandb call to 'log' because wandb usage is disabled.
[2025-01-31 11:17:35,734][DEBUG][m:PngImagePlugin][fn:call][ln:198] - STREAM b'IHDR' 16 13
[2025-01-31 11:17:35,734][DEBUG][m:PngImagePlugin][fn:call][ln:198] - STREAM b'IDAT' 41 8192
[2025-01-31 11:17:35,734][DEBUG][m:PngImagePlugin][fn:call][ln:198] - STREAM b'IHDR' 16 13
[2025-01-31 11:17:35,734][DEBUG][m:PngImagePlugin][fn:call][ln:198] - STREAM b'IDAT' 41 8192
[2025-01-31 11:17:35,750][DEBUG][m:Image][fn:close][ln:637] - Error closing: Operation on closed image
[2025-01-31 11:17:37,442][WARNING][m:optional_rerun_wrapper][fn:orr_log_vlm_image][ln:132] - VLM image not found at path: /home/ubuntu/local_data/Replica/office0/exps/s_detections_stride12/vis/frame000810annotated_for_vlm.jpg
[2025-01-31 11:17:37,442][WARNING][m:optional_rerun_wrapper][fn:orr_log_vlm_image][ln:132] - VLM image not found at path: /home/ubuntu/local_data/Replica/office0/exps/s_detections_stride12/vis/frame000810annotated_for_vlm_w_edges.jpg
[2025-01-31 11:17:38,218][DEBUG][m:optional_wandb_wrapper][fn:method][ln:139] - Skipping optional wandb call to 'log' because wandb usage is disabled.
[2025-01-31 11:17:38,284][DEBUG][m:optional_wandb_wrapper][fn:method][ln:139] - Skipping optional wandb call to 'log' because wandb usage is disabled.
[2025-01-31 11:17:38,284][DEBUG][m:optional_wandb_wrapper][fn:method][ln:139] - Skipping optional wandb call to 'log' because wandb usage is disabled.
[2025-01-31 11:17:38,314][DEBUG][m:PngImagePlugin][fn:call][ln:198] - STREAM b'IHDR' 16 13
[2025-01-31 11:17:38,314][DEBUG][m:PngImagePlugin][fn:call][ln:198] - STREAM b'IDAT' 41 8192
[2025-01-31 11:17:38,315][DEBUG][m:PngImagePlugin][fn:call][ln:198] - STREAM b'IHDR' 16 13
[2025-01-31 11:17:38,315][DEBUG][m:PngImagePlugin][fn:call][ln:198] - STREAM b'IDAT' 41 8192
[2025-01-31 11:17:38,331][DEBUG][m:Image][fn:close][ln:637] - Error closing: Operation on closed image
[2025-01-31 11:17:39,991][WARNING][m:optional_rerun_wrapper][fn:orr_log_vlm_image][ln:132] - VLM image not found at path: /home/ubuntu/local_data/Replica/office0/exps/s_detections_stride12/vis/frame000820annotated_for_vlm.jpg
[2025-01-31 11:17:39,992][WARNING][m:optional_rerun_wrapper][fn:orr_log_vlm_image][ln:132] - VLM image not found at path: /home/ubuntu/local_data/Replica/office0/exps/s_detections_stride12/vis/frame000820annotated_for_vlm_w_edges.jpg
[2025-01-31 11:17:40,636][DEBUG][m:optional_wandb_wrapper][fn:method][ln:139] - Skipping optional wandb call to 'log' because wandb usage is disabled.
[2025-01-31 11:17:40,699][DEBUG][m:optional_wandb_wrapper][fn:method][ln:139] - Skipping optional wandb call to 'log' because wandb usage is disabled.
[2025-01-31 11:17:40,699][DEBUG][m:optional_wandb_wrapper][fn:method][ln:139] - Skipping optional wandb call to 'log' because wandb usage is disabled.
[2025-01-31 11:17:40,731][DEBUG][m:PngImagePlugin][fn:call][ln:198] - STREAM b'IHDR' 16 13
[2025-01-31 11:17:40,731][DEBUG][m:PngImagePlugin][fn:call][ln:198] - STREAM b'IDAT' 41 8192
[2025-01-31 11:17:40,731][DEBUG][m:PngImagePlugin][fn:call][ln:198] - STREAM b'IHDR' 16 13
[2025-01-31 11:17:40,731][DEBUG][m:PngImagePlugin][fn:call][ln:198] - STREAM b'IDAT' 41 8192
[2025-01-31 11:17:40,748][DEBUG][m:Image][fn:close][ln:637] - Error closing: Operation on closed image
[2025-01-31 11:17:42,147][WARNING][m:optional_rerun_wrapper][fn:orr_log_vlm_image][ln:132] - VLM image not found at path: /home/ubuntu/local_data/Replica/office0/exps/s_detections_stride12/vis/frame000830annotated_for_vlm.jpg
[2025-01-31 11:17:42,147][WARNING][m:optional_rerun_wrapper][fn:orr_log_vlm_image][ln:132] - VLM image not found at path: /home/ubuntu/local_data/Replica/office0/exps/s_detections_stride12/vis/frame000830annotated_for_vlm_w_edges.jpg
[2025-01-31 11:17:42,837][DEBUG][m:optional_wandb_wrapper][fn:method][ln:139] - Skipping optional wandb call to 'log' because wandb usage is disabled.
[2025-01-31 11:17:42,904][DEBUG][m:optional_wandb_wrapper][fn:method][ln:139] - Skipping optional wandb call to 'log' because wandb usage is disabled.
[2025-01-31 11:17:42,904][DEBUG][m:optional_wandb_wrapper][fn:method][ln:139] - Skipping optional wandb call to 'log' because wandb usage is disabled.
[2025-01-31 11:17:42,937][DEBUG][m:PngImagePlugin][fn:call][ln:198] - STREAM b'IHDR' 16 13
[2025-01-31 11:17:42,937][DEBUG][m:PngImagePlugin][fn:call][ln:198] - STREAM b'IDAT' 41 8192
[2025-01-31 11:17:42,937][DEBUG][m:PngImagePlugin][fn:call][ln:198] - STREAM b'IHDR' 16 13
[2025-01-31 11:17:42,938][DEBUG][m:PngImagePlugin][fn:call][ln:198] - STREAM b'IDAT' 41 8192
[2025-01-31 11:17:42,954][DEBUG][m:Image][fn:close][ln:637] - Error closing: Operation on closed image
[2025-01-31 11:17:44,302][WARNING][m:optional_rerun_wrapper][fn:orr_log_vlm_image][ln:132] - VLM image not found at path: /home/ubuntu/local_data/Replica/office0/exps/s_detections_stride12/vis/frame000840annotated_for_vlm.jpg
[2025-01-31 11:17:44,303][WARNING][m:optional_rerun_wrapper][fn:orr_log_vlm_image][ln:132] - VLM image not found at path: /home/ubuntu/local_data/Replica/office0/exps/s_detections_stride12/vis/frame000840annotated_for_vlm_w_edges.jpg
[2025-01-31 11:17:44,950][DEBUG][m:optional_wandb_wrapper][fn:method][ln:139] - Skipping optional wandb call to 'log' because wandb usage is disabled.
[2025-01-31 11:17:44,951][DEBUG][m:utils][fn:denoise_objects][ln:663] - Starting denoising with 24 objects
[2025-01-31 11:17:44,983][DEBUG][m:utils][fn:denoise_objects][ln:685] - Finished denoising object 0 out of 24
[2025-01-31 11:17:44,983][DEBUG][m:utils][fn:denoise_objects][ln:690] - before denoising: 3064, after denoising: 3046
[2025-01-31 11:17:45,019][DEBUG][m:utils][fn:denoise_objects][ln:685] - Finished denoising object 1 out of 24
[2025-01-31 11:17:45,019][DEBUG][m:utils][fn:denoise_objects][ln:690] - before denoising: 3366, after denoising: 3185
[2025-01-31 11:17:45,102][DEBUG][m:utils][fn:denoise_objects][ln:685] - Finished denoising object 2 out of 24
[2025-01-31 11:17:45,102][DEBUG][m:utils][fn:denoise_objects][ln:690] - before denoising: 6658, after denoising: 6658
[2025-01-31 11:17:45,311][DEBUG][m:utils][fn:denoise_objects][ln:685] - Finished denoising object 3 out of 24
[2025-01-31 11:17:45,312][DEBUG][m:utils][fn:denoise_objects][ln:690] - before denoising: 21567, after denoising: 21567
[2025-01-31 11:17:45,578][DEBUG][m:utils][fn:denoise_objects][ln:685] - Finished denoising object 4 out of 24
[2025-01-31 11:17:45,578][DEBUG][m:utils][fn:denoise_objects][ln:690] - before denoising: 24832, after denoising: 24832
[2025-01-31 11:17:45,659][DEBUG][m:utils][fn:denoise_objects][ln:685] - Finished denoising object 5 out of 24
[2025-01-31 11:17:45,660][DEBUG][m:utils][fn:denoise_objects][ln:690] - before denoising: 8046, after denoising: 8046
[2025-01-31 11:17:45,660][DEBUG][m:utils][fn:denoise_objects][ln:685] - Finished denoising object 6 out of 24
[2025-01-31 11:17:45,661][DEBUG][m:utils][fn:denoise_objects][ln:690] - before denoising: 123, after denoising: 123
[2025-01-31 11:17:45,717][DEBUG][m:utils][fn:denoise_objects][ln:685] - Finished denoising object 7 out of 24
[2025-01-31 11:17:45,717][DEBUG][m:utils][fn:denoise_objects][ln:690] - before denoising: 5398, after denoising: 5354
[2025-01-31 11:17:45,721][DEBUG][m:utils][fn:denoise_objects][ln:685] - Finished denoising object 8 out of 24
[2025-01-31 11:17:45,721][DEBUG][m:utils][fn:denoise_objects][ln:690] - before denoising: 543, after denoising: 543
[2025-01-31 11:17:45,732][DEBUG][m:utils][fn:denoise_objects][ln:685] - Finished denoising object 9 out of 24
[2025-01-31 11:17:45,732][DEBUG][m:utils][fn:denoise_objects][ln:690] - before denoising: 1036, after denoising: 1036
[2025-01-31 11:17:45,774][DEBUG][m:utils][fn:denoise_objects][ln:685] - Finished denoising object 10 out of 24
[2025-01-31 11:17:45,774][DEBUG][m:utils][fn:denoise_objects][ln:690] - before denoising: 3817, after denoising: 3672
[2025-01-31 11:17:45,999][DEBUG][m:utils][fn:denoise_objects][ln:685] - Finished denoising object 11 out of 24
[2025-01-31 11:17:45,999][DEBUG][m:utils][fn:denoise_objects][ln:690] - before denoising: 21048, after denoising: 21048
[2025-01-31 11:17:46,309][DEBUG][m:utils][fn:denoise_objects][ln:685] - Finished denoising object 12 out of 24
[2025-01-31 11:17:46,310][DEBUG][m:utils][fn:denoise_objects][ln:690] - before denoising: 32144, after denoising: 32144
[2025-01-31 11:17:46,338][DEBUG][m:utils][fn:denoise_objects][ln:685] - Finished denoising object 13 out of 24
[2025-01-31 11:17:46,338][DEBUG][m:utils][fn:denoise_objects][ln:690] - before denoising: 2888, after denoising: 2888
[2025-01-31 11:17:46,343][DEBUG][m:utils][fn:denoise_objects][ln:685] - Finished denoising object 14 out of 24
[2025-01-31 11:17:46,343][DEBUG][m:utils][fn:denoise_objects][ln:690] - before denoising: 706, after denoising: 706
[2025-01-31 11:17:46,366][DEBUG][m:utils][fn:denoise_objects][ln:685] - Finished denoising object 15 out of 24
[2025-01-31 11:17:46,366][DEBUG][m:utils][fn:denoise_objects][ln:690] - before denoising: 1971, after denoising: 1971
[2025-01-31 11:17:46,379][DEBUG][m:utils][fn:denoise_objects][ln:685] - Finished denoising object 16 out of 24
[2025-01-31 11:17:46,379][DEBUG][m:utils][fn:denoise_objects][ln:690] - before denoising: 4875, after denoising: 4875
[2025-01-31 11:17:46,400][DEBUG][m:utils][fn:denoise_objects][ln:685] - Finished denoising object 17 out of 24
[2025-01-31 11:17:46,401][DEBUG][m:utils][fn:denoise_objects][ln:690] - before denoising: 1963, after denoising: 1963
[2025-01-31 11:17:46,407][DEBUG][m:utils][fn:denoise_objects][ln:685] - Finished denoising object 18 out of 24
[2025-01-31 11:17:46,407][DEBUG][m:utils][fn:denoise_objects][ln:690] - before denoising: 649, after denoising: 649
[2025-01-31 11:17:46,456][DEBUG][m:utils][fn:denoise_objects][ln:685] - Finished denoising object 19 out of 24
[2025-01-31 11:17:46,457][DEBUG][m:utils][fn:denoise_objects][ln:690] - before denoising: 4308, after denoising: 4308
[2025-01-31 11:17:46,457][DEBUG][m:utils][fn:denoise_objects][ln:685] - Finished denoising object 20 out of 24
[2025-01-31 11:17:46,457][DEBUG][m:utils][fn:denoise_objects][ln:690] - before denoising: 37, after denoising: 37
[2025-01-31 11:17:46,777][DEBUG][m:utils][fn:denoise_objects][ln:685] - Finished denoising object 21 out of 24
[2025-01-31 11:17:46,777][DEBUG][m:utils][fn:denoise_objects][ln:690] - before denoising: 25563, after denoising: 25563
[2025-01-31 11:17:47,316][DEBUG][m:utils][fn:denoise_objects][ln:685] - Finished denoising object 22 out of 24
[2025-01-31 11:17:47,316][DEBUG][m:utils][fn:denoise_objects][ln:690] - before denoising: 41249, after denoising: 41249
[2025-01-31 11:17:47,336][DEBUG][m:utils][fn:denoise_objects][ln:685] - Finished denoising object 23 out of 24
[2025-01-31 11:17:47,336][DEBUG][m:utils][fn:denoise_objects][ln:690] - before denoising: 2112, after denoising: 2074
[2025-01-31 11:17:47,336][DEBUG][m:utils][fn:denoise_objects][ln:691] - Finished denoising with 24 objects
[2025-01-31 11:17:47,802][DEBUG][m:optional_wandb_wrapper][fn:method][ln:139] - Skipping optional wandb call to 'log' because wandb usage is disabled.
[2025-01-31 11:17:47,803][DEBUG][m:optional_wandb_wrapper][fn:method][ln:139] - Skipping optional wandb call to 'log' because wandb usage is disabled.
[2025-01-31 11:17:47,836][DEBUG][m:PngImagePlugin][fn:call][ln:198] - STREAM b'IHDR' 16 13
[2025-01-31 11:17:47,836][DEBUG][m:PngImagePlugin][fn:call][ln:198] - STREAM b'IDAT' 41 8192
[2025-01-31 11:17:47,836][DEBUG][m:PngImagePlugin][fn:call][ln:198] - STREAM b'IHDR' 16 13
[2025-01-31 11:17:47,836][DEBUG][m:PngImagePlugin][fn:call][ln:198] - STREAM b'IDAT' 41 8192
[2025-01-31 11:17:47,850][DEBUG][m:Image][fn:close][ln:637] - Error closing: Operation on closed image
[2025-01-31 11:17:48,940][WARNING][m:optional_rerun_wrapper][fn:orr_log_vlm_image][ln:132] - VLM image not found at path: /home/ubuntu/local_data/Replica/office0/exps/s_detections_stride12/vis/frame000850annotated_for_vlm.jpg
[2025-01-31 11:17:48,940][WARNING][m:optional_rerun_wrapper][fn:orr_log_vlm_image][ln:132] - VLM image not found at path: /home/ubuntu/local_data/Replica/office0/exps/s_detections_stride12/vis/frame000850annotated_for_vlm_w_edges.jpg
[2025-01-31 11:17:49,662][DEBUG][m:optional_wandb_wrapper][fn:method][ln:139] - Skipping optional wandb call to 'log' because wandb usage is disabled.
[2025-01-31 11:17:49,725][DEBUG][m:optional_wandb_wrapper][fn:method][ln:139] - Skipping optional wandb call to 'log' because wandb usage is disabled.
[2025-01-31 11:17:49,725][DEBUG][m:optional_wandb_wrapper][fn:method][ln:139] - Skipping optional wandb call to 'log' because wandb usage is disabled.
[2025-01-31 11:17:49,752][DEBUG][m:PngImagePlugin][fn:call][ln:198] - STREAM b'IHDR' 16 13
[2025-01-31 11:17:49,752][DEBUG][m:PngImagePlugin][fn:call][ln:198] - STREAM b'IDAT' 41 8192
[2025-01-31 11:17:49,752][DEBUG][m:PngImagePlugin][fn:call][ln:198] - STREAM b'IHDR' 16 13
[2025-01-31 11:17:49,752][DEBUG][m:PngImagePlugin][fn:call][ln:198] - STREAM b'IDAT' 41 8192
[2025-01-31 11:17:49,770][DEBUG][m:Image][fn:close][ln:637] - Error closing: Operation on closed image
[2025-01-31 11:17:50,810][WARNING][m:optional_rerun_wrapper][fn:orr_log_vlm_image][ln:132] - VLM image not found at path: /home/ubuntu/local_data/Replica/office0/exps/s_detections_stride12/vis/frame000860annotated_for_vlm.jpg
[2025-01-31 11:17:50,810][WARNING][m:optional_rerun_wrapper][fn:orr_log_vlm_image][ln:132] - VLM image not found at path: /home/ubuntu/local_data/Replica/office0/exps/s_detections_stride12/vis/frame000860annotated_for_vlm_w_edges.jpg
[2025-01-31 11:17:51,339][DEBUG][m:optional_wandb_wrapper][fn:method][ln:139] - Skipping optional wandb call to 'log' because wandb usage is disabled.
[2025-01-31 11:17:51,401][DEBUG][m:optional_wandb_wrapper][fn:method][ln:139] - Skipping optional wandb call to 'log' because wandb usage is disabled.
[2025-01-31 11:17:51,401][DEBUG][m:optional_wandb_wrapper][fn:method][ln:139] - Skipping optional wandb call to 'log' because wandb usage is disabled.
[2025-01-31 11:17:51,431][DEBUG][m:PngImagePlugin][fn:call][ln:198] - STREAM b'IHDR' 16 13
[2025-01-31 11:17:51,431][DEBUG][m:PngImagePlugin][fn:call][ln:198] - STREAM b'IDAT' 41 8192
[2025-01-31 11:17:51,431][DEBUG][m:PngImagePlugin][fn:call][ln:198] - STREAM b'IHDR' 16 13
[2025-01-31 11:17:51,431][DEBUG][m:PngImagePlugin][fn:call][ln:198] - STREAM b'IDAT' 41 8192
[2025-01-31 11:17:51,448][DEBUG][m:Image][fn:close][ln:637] - Error closing: Operation on closed image
[2025-01-31 11:17:52,670][WARNING][m:optional_rerun_wrapper][fn:orr_log_vlm_image][ln:132] - VLM image not found at path: /home/ubuntu/local_data/Replica/office0/exps/s_detections_stride12/vis/frame000870annotated_for_vlm.jpg
[2025-01-31 11:17:52,671][WARNING][m:optional_rerun_wrapper][fn:orr_log_vlm_image][ln:132] - VLM image not found at path: /home/ubuntu/local_data/Replica/office0/exps/s_detections_stride12/vis/frame000870annotated_for_vlm_w_edges.jpg
[2025-01-31 11:17:53,272][DEBUG][m:optional_wandb_wrapper][fn:method][ln:139] - Skipping optional wandb call to 'log' because wandb usage is disabled.
[2025-01-31 11:17:53,331][DEBUG][m:optional_wandb_wrapper][fn:method][ln:139] - Skipping optional wandb call to 'log' because wandb usage is disabled.
[2025-01-31 11:17:53,331][DEBUG][m:optional_wandb_wrapper][fn:method][ln:139] - Skipping optional wandb call to 'log' because wandb usage is disabled.
[2025-01-31 11:17:53,360][DEBUG][m:PngImagePlugin][fn:call][ln:198] - STREAM b'IHDR' 16 13
[2025-01-31 11:17:53,360][DEBUG][m:PngImagePlugin][fn:call][ln:198] - STREAM b'IDAT' 41 8192
[2025-01-31 11:17:53,360][DEBUG][m:PngImagePlugin][fn:call][ln:198] - STREAM b'IHDR' 16 13
[2025-01-31 11:17:53,360][DEBUG][m:PngImagePlugin][fn:call][ln:198] - STREAM b'IDAT' 41 8192
[2025-01-31 11:17:53,377][DEBUG][m:Image][fn:close][ln:637] - Error closing: Operation on closed image
[2025-01-31 11:17:54,630][WARNING][m:optional_rerun_wrapper][fn:orr_log_vlm_image][ln:132] - VLM image not found at path: /home/ubuntu/local_data/Replica/office0/exps/s_detections_stride12/vis/frame000880annotated_for_vlm.jpg
[2025-01-31 11:17:54,630][WARNING][m:optional_rerun_wrapper][fn:orr_log_vlm_image][ln:132] - VLM image not found at path: /home/ubuntu/local_data/Replica/office0/exps/s_detections_stride12/vis/frame000880annotated_for_vlm_w_edges.jpg
[2025-01-31 11:17:55,123][DEBUG][m:optional_wandb_wrapper][fn:method][ln:139] - Skipping optional wandb call to 'log' because wandb usage is disabled.
[2025-01-31 11:17:55,187][DEBUG][m:optional_wandb_wrapper][fn:method][ln:139] - Skipping optional wandb call to 'log' because wandb usage is disabled.
[2025-01-31 11:17:55,187][DEBUG][m:optional_wandb_wrapper][fn:method][ln:139] - Skipping optional wandb call to 'log' because wandb usage is disabled.
[2025-01-31 11:17:55,215][DEBUG][m:PngImagePlugin][fn:call][ln:198] - STREAM b'IHDR' 16 13
[2025-01-31 11:17:55,216][DEBUG][m:PngImagePlugin][fn:call][ln:198] - STREAM b'IDAT' 41 8192
[2025-01-31 11:17:55,216][DEBUG][m:PngImagePlugin][fn:call][ln:198] - STREAM b'IHDR' 16 13
[2025-01-31 11:17:55,216][DEBUG][m:PngImagePlugin][fn:call][ln:198] - STREAM b'IDAT' 41 8192
[2025-01-31 11:17:55,231][DEBUG][m:Image][fn:close][ln:637] - Error closing: Operation on closed image
[2025-01-31 11:17:57,032][WARNING][m:optional_rerun_wrapper][fn:orr_log_vlm_image][ln:132] - VLM image not found at path: /home/ubuntu/local_data/Replica/office0/exps/s_detections_stride12/vis/frame000890annotated_for_vlm.jpg
[2025-01-31 11:17:57,032][WARNING][m:optional_rerun_wrapper][fn:orr_log_vlm_image][ln:132] - VLM image not found at path: /home/ubuntu/local_data/Replica/office0/exps/s_detections_stride12/vis/frame000890annotated_for_vlm_w_edges.jpg
[2025-01-31 11:17:57,771][DEBUG][m:optional_wandb_wrapper][fn:method][ln:139] - Skipping optional wandb call to 'log' because wandb usage is disabled.
[2025-01-31 11:17:57,771][DEBUG][m:utils][fn:denoise_objects][ln:663] - Starting denoising with 23 objects
[2025-01-31 11:17:57,804][DEBUG][m:utils][fn:denoise_objects][ln:685] - Finished denoising object 0 out of 23
[2025-01-31 11:17:57,804][DEBUG][m:utils][fn:denoise_objects][ln:690] - before denoising: 3192, after denoising: 3129
[2025-01-31 11:17:57,836][DEBUG][m:utils][fn:denoise_objects][ln:685] - Finished denoising object 1 out of 23
[2025-01-31 11:17:57,836][DEBUG][m:utils][fn:denoise_objects][ln:690] - before denoising: 3194, after denoising: 3129
[2025-01-31 11:17:57,916][DEBUG][m:utils][fn:denoise_objects][ln:685] - Finished denoising object 2 out of 23
[2025-01-31 11:17:57,916][DEBUG][m:utils][fn:denoise_objects][ln:690] - before denoising: 6494, after denoising: 6494
[2025-01-31 11:17:58,124][DEBUG][m:utils][fn:denoise_objects][ln:685] - Finished denoising object 3 out of 23
[2025-01-31 11:17:58,124][DEBUG][m:utils][fn:denoise_objects][ln:690] - before denoising: 21567, after denoising: 21567
[2025-01-31 11:17:58,388][DEBUG][m:utils][fn:denoise_objects][ln:685] - Finished denoising object 4 out of 23
[2025-01-31 11:17:58,388][DEBUG][m:utils][fn:denoise_objects][ln:690] - before denoising: 24832, after denoising: 24832
[2025-01-31 11:17:58,389][DEBUG][m:utils][fn:denoise_objects][ln:685] - Finished denoising object 5 out of 23
[2025-01-31 11:17:58,389][DEBUG][m:utils][fn:denoise_objects][ln:690] - before denoising: 123, after denoising: 123
[2025-01-31 11:17:58,454][DEBUG][m:utils][fn:denoise_objects][ln:685] - Finished denoising object 6 out of 23
[2025-01-31 11:17:58,454][DEBUG][m:utils][fn:denoise_objects][ln:690] - before denoising: 5750, after denoising: 5750
[2025-01-31 11:17:58,458][DEBUG][m:utils][fn:denoise_objects][ln:685] - Finished denoising object 7 out of 23
[2025-01-31 11:17:58,458][DEBUG][m:utils][fn:denoise_objects][ln:690] - before denoising: 543, after denoising: 543
[2025-01-31 11:17:58,469][DEBUG][m:utils][fn:denoise_objects][ln:685] - Finished denoising object 8 out of 23
[2025-01-31 11:17:58,469][DEBUG][m:utils][fn:denoise_objects][ln:690] - before denoising: 1036, after denoising: 1036
[2025-01-31 11:17:58,532][DEBUG][m:utils][fn:denoise_objects][ln:685] - Finished denoising object 9 out of 23
[2025-01-31 11:17:58,532][DEBUG][m:utils][fn:denoise_objects][ln:690] - before denoising: 5685, after denoising: 5659
[2025-01-31 11:17:58,749][DEBUG][m:utils][fn:denoise_objects][ln:685] - Finished denoising object 10 out of 23
[2025-01-31 11:17:58,750][DEBUG][m:utils][fn:denoise_objects][ln:690] - before denoising: 21455, after denoising: 21455
[2025-01-31 11:17:59,057][DEBUG][m:utils][fn:denoise_objects][ln:685] - Finished denoising object 11 out of 23
[2025-01-31 11:17:59,057][DEBUG][m:utils][fn:denoise_objects][ln:690] - before denoising: 32144, after denoising: 32144
[2025-01-31 11:17:59,085][DEBUG][m:utils][fn:denoise_objects][ln:685] - Finished denoising object 12 out of 23
[2025-01-31 11:17:59,085][DEBUG][m:utils][fn:denoise_objects][ln:690] - before denoising: 2888, after denoising: 2888
[2025-01-31 11:17:59,090][DEBUG][m:utils][fn:denoise_objects][ln:685] - Finished denoising object 13 out of 23
[2025-01-31 11:17:59,090][DEBUG][m:utils][fn:denoise_objects][ln:690] - before denoising: 706, after denoising: 706
[2025-01-31 11:17:59,112][DEBUG][m:utils][fn:denoise_objects][ln:685] - Finished denoising object 14 out of 23
[2025-01-31 11:17:59,112][DEBUG][m:utils][fn:denoise_objects][ln:690] - before denoising: 1939, after denoising: 1939
[2025-01-31 11:17:59,125][DEBUG][m:utils][fn:denoise_objects][ln:685] - Finished denoising object 15 out of 23
[2025-01-31 11:17:59,125][DEBUG][m:utils][fn:denoise_objects][ln:690] - before denoising: 4875, after denoising: 4875
[2025-01-31 11:17:59,146][DEBUG][m:utils][fn:denoise_objects][ln:685] - Finished denoising object 16 out of 23
[2025-01-31 11:17:59,147][DEBUG][m:utils][fn:denoise_objects][ln:690] - before denoising: 1963, after denoising: 1963
[2025-01-31 11:17:59,237][DEBUG][m:utils][fn:denoise_objects][ln:685] - Finished denoising object 17 out of 23
[2025-01-31 11:17:59,237][DEBUG][m:utils][fn:denoise_objects][ln:690] - before denoising: 8598, after denoising: 8598
[2025-01-31 11:17:59,283][DEBUG][m:utils][fn:denoise_objects][ln:685] - Finished denoising object 18 out of 23
[2025-01-31 11:17:59,283][DEBUG][m:utils][fn:denoise_objects][ln:690] - before denoising: 4308, after denoising: 4308
[2025-01-31 11:17:59,284][DEBUG][m:utils][fn:denoise_objects][ln:685] - Finished denoising object 19 out of 23
[2025-01-31 11:17:59,284][DEBUG][m:utils][fn:denoise_objects][ln:690] - before denoising: 37, after denoising: 37
[2025-01-31 11:17:59,625][DEBUG][m:utils][fn:denoise_objects][ln:685] - Finished denoising object 20 out of 23
[2025-01-31 11:17:59,625][DEBUG][m:utils][fn:denoise_objects][ln:690] - before denoising: 26474, after denoising: 26474
[2025-01-31 11:18:00,088][DEBUG][m:utils][fn:denoise_objects][ln:685] - Finished denoising object 21 out of 23
[2025-01-31 11:18:00,088][DEBUG][m:utils][fn:denoise_objects][ln:690] - before denoising: 39948, after denoising: 39948
[2025-01-31 11:18:00,107][DEBUG][m:utils][fn:denoise_objects][ln:685] - Finished denoising object 22 out of 23
[2025-01-31 11:18:00,107][DEBUG][m:utils][fn:denoise_objects][ln:690] - before denoising: 2074, after denoising: 2074
[2025-01-31 11:18:00,108][DEBUG][m:utils][fn:denoise_objects][ln:691] - Finished denoising with 23 objects
[2025-01-31 11:18:00,509][DEBUG][m:optional_wandb_wrapper][fn:method][ln:139] - Skipping optional wandb call to 'log' because wandb usage is disabled.
[2025-01-31 11:18:00,509][DEBUG][m:optional_wandb_wrapper][fn:method][ln:139] - Skipping optional wandb call to 'log' because wandb usage is disabled.
[2025-01-31 11:18:00,541][DEBUG][m:PngImagePlugin][fn:call][ln:198] - STREAM b'IHDR' 16 13
[2025-01-31 11:18:00,541][DEBUG][m:PngImagePlugin][fn:call][ln:198] - STREAM b'IDAT' 41 8192
[2025-01-31 11:18:00,541][DEBUG][m:PngImagePlugin][fn:call][ln:198] - STREAM b'IHDR' 16 13
[2025-01-31 11:18:00,541][DEBUG][m:PngImagePlugin][fn:call][ln:198] - STREAM b'IDAT' 41 8192
[2025-01-31 11:18:00,556][DEBUG][m:Image][fn:close][ln:637] - Error closing: Operation on closed image
[2025-01-31 11:18:02,073][WARNING][m:optional_rerun_wrapper][fn:orr_log_vlm_image][ln:132] - VLM image not found at path: /home/ubuntu/local_data/Replica/office0/exps/s_detections_stride12/vis/frame000900annotated_for_vlm.jpg
[2025-01-31 11:18:02,073][WARNING][m:optional_rerun_wrapper][fn:orr_log_vlm_image][ln:132] - VLM image not found at path: /home/ubuntu/local_data/Replica/office0/exps/s_detections_stride12/vis/frame000900annotated_for_vlm_w_edges.jpg
[2025-01-31 11:18:02,649][DEBUG][m:optional_wandb_wrapper][fn:method][ln:139] - Skipping optional wandb call to 'log' because wandb usage is disabled.
[2025-01-31 11:18:02,714][DEBUG][m:optional_wandb_wrapper][fn:method][ln:139] - Skipping optional wandb call to 'log' because wandb usage is disabled.
[2025-01-31 11:18:02,714][DEBUG][m:optional_wandb_wrapper][fn:method][ln:139] - Skipping optional wandb call to 'log' because wandb usage is disabled.
[2025-01-31 11:18:02,744][DEBUG][m:PngImagePlugin][fn:call][ln:198] - STREAM b'IHDR' 16 13
[2025-01-31 11:18:02,744][DEBUG][m:PngImagePlugin][fn:call][ln:198] - STREAM b'IDAT' 41 8192
[2025-01-31 11:18:02,745][DEBUG][m:PngImagePlugin][fn:call][ln:198] - STREAM b'IHDR' 16 13
[2025-01-31 11:18:02,745][DEBUG][m:PngImagePlugin][fn:call][ln:198] - STREAM b'IDAT' 41 8192
[2025-01-31 11:18:02,762][DEBUG][m:Image][fn:close][ln:637] - Error closing: Operation on closed image
[2025-01-31 11:18:04,633][WARNING][m:optional_rerun_wrapper][fn:orr_log_vlm_image][ln:132] - VLM image not found at path: /home/ubuntu/local_data/Replica/office0/exps/s_detections_stride12/vis/frame000910annotated_for_vlm.jpg
[2025-01-31 11:18:04,633][WARNING][m:optional_rerun_wrapper][fn:orr_log_vlm_image][ln:132] - VLM image not found at path: /home/ubuntu/local_data/Replica/office0/exps/s_detections_stride12/vis/frame000910annotated_for_vlm_w_edges.jpg
[2025-01-31 11:18:05,235][DEBUG][m:optional_wandb_wrapper][fn:method][ln:139] - Skipping optional wandb call to 'log' because wandb usage is disabled.
[2025-01-31 11:18:05,301][DEBUG][m:optional_wandb_wrapper][fn:method][ln:139] - Skipping optional wandb call to 'log' because wandb usage is disabled.
[2025-01-31 11:18:05,301][DEBUG][m:optional_wandb_wrapper][fn:method][ln:139] - Skipping optional wandb call to 'log' because wandb usage is disabled.
[2025-01-31 11:18:05,330][DEBUG][m:PngImagePlugin][fn:call][ln:198] - STREAM b'IHDR' 16 13
[2025-01-31 11:18:05,331][DEBUG][m:PngImagePlugin][fn:call][ln:198] - STREAM b'IDAT' 41 8192
[2025-01-31 11:18:05,331][DEBUG][m:PngImagePlugin][fn:call][ln:198] - STREAM b'IHDR' 16 13
[2025-01-31 11:18:05,331][DEBUG][m:PngImagePlugin][fn:call][ln:198] - STREAM b'IDAT' 41 8192
[2025-01-31 11:18:05,345][DEBUG][m:Image][fn:close][ln:637] - Error closing: Operation on closed image
[2025-01-31 11:18:06,915][WARNING][m:optional_rerun_wrapper][fn:orr_log_vlm_image][ln:132] - VLM image not found at path: /home/ubuntu/local_data/Replica/office0/exps/s_detections_stride12/vis/frame000920annotated_for_vlm.jpg
[2025-01-31 11:18:06,916][WARNING][m:optional_rerun_wrapper][fn:orr_log_vlm_image][ln:132] - VLM image not found at path: /home/ubuntu/local_data/Replica/office0/exps/s_detections_stride12/vis/frame000920annotated_for_vlm_w_edges.jpg
[2025-01-31 11:18:07,380][DEBUG][m:optional_wandb_wrapper][fn:method][ln:139] - Skipping optional wandb call to 'log' because wandb usage is disabled.
[2025-01-31 11:18:07,440][DEBUG][m:optional_wandb_wrapper][fn:method][ln:139] - Skipping optional wandb call to 'log' because wandb usage is disabled.
[2025-01-31 11:18:07,440][DEBUG][m:optional_wandb_wrapper][fn:method][ln:139] - Skipping optional wandb call to 'log' because wandb usage is disabled.
[2025-01-31 11:18:07,471][DEBUG][m:PngImagePlugin][fn:call][ln:198] - STREAM b'IHDR' 16 13
[2025-01-31 11:18:07,471][DEBUG][m:PngImagePlugin][fn:call][ln:198] - STREAM b'IDAT' 41 8192
[2025-01-31 11:18:07,471][DEBUG][m:PngImagePlugin][fn:call][ln:198] - STREAM b'IHDR' 16 13
[2025-01-31 11:18:07,471][DEBUG][m:PngImagePlugin][fn:call][ln:198] - STREAM b'IDAT' 41 8192
[2025-01-31 11:18:07,488][DEBUG][m:Image][fn:close][ln:637] - Error closing: Operation on closed image
[2025-01-31 11:18:08,846][WARNING][m:optional_rerun_wrapper][fn:orr_log_vlm_image][ln:132] - VLM image not found at path: /home/ubuntu/local_data/Replica/office0/exps/s_detections_stride12/vis/frame000930annotated_for_vlm.jpg
[2025-01-31 11:18:08,846][WARNING][m:optional_rerun_wrapper][fn:orr_log_vlm_image][ln:132] - VLM image not found at path: /home/ubuntu/local_data/Replica/office0/exps/s_detections_stride12/vis/frame000930annotated_for_vlm_w_edges.jpg
[2025-01-31 11:18:09,334][DEBUG][m:optional_wandb_wrapper][fn:method][ln:139] - Skipping optional wandb call to 'log' because wandb usage is disabled.
[2025-01-31 11:18:09,401][DEBUG][m:optional_wandb_wrapper][fn:method][ln:139] - Skipping optional wandb call to 'log' because wandb usage is disabled.
[2025-01-31 11:18:09,401][DEBUG][m:optional_wandb_wrapper][fn:method][ln:139] - Skipping optional wandb call to 'log' because wandb usage is disabled.
[2025-01-31 11:18:09,432][DEBUG][m:PngImagePlugin][fn:call][ln:198] - STREAM b'IHDR' 16 13
[2025-01-31 11:18:09,432][DEBUG][m:PngImagePlugin][fn:call][ln:198] - STREAM b'IDAT' 41 8192
[2025-01-31 11:18:09,432][DEBUG][m:PngImagePlugin][fn:call][ln:198] - STREAM b'IHDR' 16 13
[2025-01-31 11:18:09,432][DEBUG][m:PngImagePlugin][fn:call][ln:198] - STREAM b'IDAT' 41 8192
[2025-01-31 11:18:09,451][DEBUG][m:Image][fn:close][ln:637] - Error closing: Operation on closed image
[2025-01-31 11:18:10,750][WARNING][m:optional_rerun_wrapper][fn:orr_log_vlm_image][ln:132] - VLM image not found at path: /home/ubuntu/local_data/Replica/office0/exps/s_detections_stride12/vis/frame000940annotated_for_vlm.jpg
[2025-01-31 11:18:10,750][WARNING][m:optional_rerun_wrapper][fn:orr_log_vlm_image][ln:132] - VLM image not found at path: /home/ubuntu/local_data/Replica/office0/exps/s_detections_stride12/vis/frame000940annotated_for_vlm_w_edges.jpg
[2025-01-31 11:18:11,180][DEBUG][m:optional_wandb_wrapper][fn:method][ln:139] - Skipping optional wandb call to 'log' because wandb usage is disabled.
[2025-01-31 11:18:11,180][DEBUG][m:utils][fn:denoise_objects][ln:663] - Starting denoising with 23 objects
[2025-01-31 11:18:11,215][DEBUG][m:utils][fn:denoise_objects][ln:685] - Finished denoising object 0 out of 23
[2025-01-31 11:18:11,215][DEBUG][m:utils][fn:denoise_objects][ln:690] - before denoising: 3211, after denoising: 3211
[2025-01-31 11:18:11,253][DEBUG][m:utils][fn:denoise_objects][ln:685] - Finished denoising object 1 out of 23
[2025-01-31 11:18:11,253][DEBUG][m:utils][fn:denoise_objects][ln:690] - before denoising: 3416, after denoising: 3388
[2025-01-31 11:18:11,329][DEBUG][m:utils][fn:denoise_objects][ln:685] - Finished denoising object 2 out of 23
[2025-01-31 11:18:11,329][DEBUG][m:utils][fn:denoise_objects][ln:690] - before denoising: 6869, after denoising: 6432
[2025-01-31 11:18:11,540][DEBUG][m:utils][fn:denoise_objects][ln:685] - Finished denoising object 3 out of 23
[2025-01-31 11:18:11,541][DEBUG][m:utils][fn:denoise_objects][ln:690] - before denoising: 21567, after denoising: 21567
[2025-01-31 11:18:11,795][DEBUG][m:utils][fn:denoise_objects][ln:685] - Finished denoising object 4 out of 23
[2025-01-31 11:18:11,795][DEBUG][m:utils][fn:denoise_objects][ln:690] - before denoising: 24257, after denoising: 24257
[2025-01-31 11:18:11,796][DEBUG][m:utils][fn:denoise_objects][ln:685] - Finished denoising object 5 out of 23
[2025-01-31 11:18:11,796][DEBUG][m:utils][fn:denoise_objects][ln:690] - before denoising: 123, after denoising: 123
[2025-01-31 11:18:11,869][DEBUG][m:utils][fn:denoise_objects][ln:685] - Finished denoising object 6 out of 23
[2025-01-31 11:18:11,870][DEBUG][m:utils][fn:denoise_objects][ln:690] - before denoising: 6230, after denoising: 6230
[2025-01-31 11:18:11,874][DEBUG][m:utils][fn:denoise_objects][ln:685] - Finished denoising object 7 out of 23
[2025-01-31 11:18:11,874][DEBUG][m:utils][fn:denoise_objects][ln:690] - before denoising: 543, after denoising: 543
[2025-01-31 11:18:11,885][DEBUG][m:utils][fn:denoise_objects][ln:685] - Finished denoising object 8 out of 23
[2025-01-31 11:18:11,886][DEBUG][m:utils][fn:denoise_objects][ln:690] - before denoising: 1036, after denoising: 1036
[2025-01-31 11:18:11,957][DEBUG][m:utils][fn:denoise_objects][ln:685] - Finished denoising object 9 out of 23
[2025-01-31 11:18:11,957][DEBUG][m:utils][fn:denoise_objects][ln:690] - before denoising: 5904, after denoising: 5904
[2025-01-31 11:18:12,179][DEBUG][m:utils][fn:denoise_objects][ln:685] - Finished denoising object 10 out of 23
[2025-01-31 11:18:12,179][DEBUG][m:utils][fn:denoise_objects][ln:690] - before denoising: 21455, after denoising: 21455
[2025-01-31 11:18:12,500][DEBUG][m:utils][fn:denoise_objects][ln:685] - Finished denoising object 11 out of 23
[2025-01-31 11:18:12,500][DEBUG][m:utils][fn:denoise_objects][ln:690] - before denoising: 32144, after denoising: 32144
[2025-01-31 11:18:12,528][DEBUG][m:utils][fn:denoise_objects][ln:685] - Finished denoising object 12 out of 23
[2025-01-31 11:18:12,528][DEBUG][m:utils][fn:denoise_objects][ln:690] - before denoising: 2888, after denoising: 2888
[2025-01-31 11:18:12,533][DEBUG][m:utils][fn:denoise_objects][ln:685] - Finished denoising object 13 out of 23
[2025-01-31 11:18:12,533][DEBUG][m:utils][fn:denoise_objects][ln:690] - before denoising: 706, after denoising: 706
[2025-01-31 11:18:12,556][DEBUG][m:utils][fn:denoise_objects][ln:685] - Finished denoising object 14 out of 23
[2025-01-31 11:18:12,556][DEBUG][m:utils][fn:denoise_objects][ln:690] - before denoising: 2015, after denoising: 2015
[2025-01-31 11:18:12,568][DEBUG][m:utils][fn:denoise_objects][ln:685] - Finished denoising object 15 out of 23
[2025-01-31 11:18:12,568][DEBUG][m:utils][fn:denoise_objects][ln:690] - before denoising: 4875, after denoising: 4875
[2025-01-31 11:18:12,589][DEBUG][m:utils][fn:denoise_objects][ln:685] - Finished denoising object 16 out of 23
[2025-01-31 11:18:12,590][DEBUG][m:utils][fn:denoise_objects][ln:690] - before denoising: 1963, after denoising: 1963
[2025-01-31 11:18:12,697][DEBUG][m:utils][fn:denoise_objects][ln:685] - Finished denoising object 17 out of 23
[2025-01-31 11:18:12,697][DEBUG][m:utils][fn:denoise_objects][ln:690] - before denoising: 10019, after denoising: 10019
[2025-01-31 11:18:12,745][DEBUG][m:utils][fn:denoise_objects][ln:685] - Finished denoising object 18 out of 23
[2025-01-31 11:18:12,745][DEBUG][m:utils][fn:denoise_objects][ln:690] - before denoising: 4308, after denoising: 4308
[2025-01-31 11:18:12,746][DEBUG][m:utils][fn:denoise_objects][ln:685] - Finished denoising object 19 out of 23
[2025-01-31 11:18:12,746][DEBUG][m:utils][fn:denoise_objects][ln:690] - before denoising: 37, after denoising: 37
[2025-01-31 11:18:13,081][DEBUG][m:utils][fn:denoise_objects][ln:685] - Finished denoising object 20 out of 23
[2025-01-31 11:18:13,082][DEBUG][m:utils][fn:denoise_objects][ln:690] - before denoising: 26474, after denoising: 26474
[2025-01-31 11:18:13,575][DEBUG][m:utils][fn:denoise_objects][ln:685] - Finished denoising object 21 out of 23
[2025-01-31 11:18:13,576][DEBUG][m:utils][fn:denoise_objects][ln:690] - before denoising: 39948, after denoising: 39948
[2025-01-31 11:18:13,595][DEBUG][m:utils][fn:denoise_objects][ln:685] - Finished denoising object 22 out of 23
[2025-01-31 11:18:13,595][DEBUG][m:utils][fn:denoise_objects][ln:690] - before denoising: 2074, after denoising: 2074
[2025-01-31 11:18:13,595][DEBUG][m:utils][fn:denoise_objects][ln:691] - Finished denoising with 23 objects
[2025-01-31 11:18:14,135][DEBUG][m:optional_wandb_wrapper][fn:method][ln:139] - Skipping optional wandb call to 'log' because wandb usage is disabled.
[2025-01-31 11:18:14,135][DEBUG][m:optional_wandb_wrapper][fn:method][ln:139] - Skipping optional wandb call to 'log' because wandb usage is disabled.
[2025-01-31 11:18:14,166][DEBUG][m:PngImagePlugin][fn:call][ln:198] - STREAM b'IHDR' 16 13
[2025-01-31 11:18:14,166][DEBUG][m:PngImagePlugin][fn:call][ln:198] - STREAM b'IDAT' 41 8192
[2025-01-31 11:18:14,166][DEBUG][m:PngImagePlugin][fn:call][ln:198] - STREAM b'IHDR' 16 13
[2025-01-31 11:18:14,166][DEBUG][m:PngImagePlugin][fn:call][ln:198] - STREAM b'IDAT' 41 8192
[2025-01-31 11:18:14,181][DEBUG][m:Image][fn:close][ln:637] - Error closing: Operation on closed image
[2025-01-31 11:18:15,724][WARNING][m:optional_rerun_wrapper][fn:orr_log_vlm_image][ln:132] - VLM image not found at path: /home/ubuntu/local_data/Replica/office0/exps/s_detections_stride12/vis/frame000950annotated_for_vlm.jpg
[2025-01-31 11:18:15,725][WARNING][m:optional_rerun_wrapper][fn:orr_log_vlm_image][ln:132] - VLM image not found at path: /home/ubuntu/local_data/Replica/office0/exps/s_detections_stride12/vis/frame000950annotated_for_vlm_w_edges.jpg
[2025-01-31 11:18:16,275][DEBUG][m:optional_wandb_wrapper][fn:method][ln:139] - Skipping optional wandb call to 'log' because wandb usage is disabled.
[2025-01-31 11:18:16,335][DEBUG][m:optional_wandb_wrapper][fn:method][ln:139] - Skipping optional wandb call to 'log' because wandb usage is disabled.
[2025-01-31 11:18:16,335][DEBUG][m:optional_wandb_wrapper][fn:method][ln:139] - Skipping optional wandb call to 'log' because wandb usage is disabled.
[2025-01-31 11:18:16,367][DEBUG][m:PngImagePlugin][fn:call][ln:198] - STREAM b'IHDR' 16 13
[2025-01-31 11:18:16,367][DEBUG][m:PngImagePlugin][fn:call][ln:198] - STREAM b'IDAT' 41 8192
[2025-01-31 11:18:16,368][DEBUG][m:PngImagePlugin][fn:call][ln:198] - STREAM b'IHDR' 16 13
[2025-01-31 11:18:16,368][DEBUG][m:PngImagePlugin][fn:call][ln:198] - STREAM b'IDAT' 41 8192
[2025-01-31 11:18:16,385][DEBUG][m:Image][fn:close][ln:637] - Error closing: Operation on closed image
[2025-01-31 11:18:17,543][WARNING][m:optional_rerun_wrapper][fn:orr_log_vlm_image][ln:132] - VLM image not found at path: /home/ubuntu/local_data/Replica/office0/exps/s_detections_stride12/vis/frame000960annotated_for_vlm.jpg
[2025-01-31 11:18:17,543][WARNING][m:optional_rerun_wrapper][fn:orr_log_vlm_image][ln:132] - VLM image not found at path: /home/ubuntu/local_data/Replica/office0/exps/s_detections_stride12/vis/frame000960annotated_for_vlm_w_edges.jpg
[2025-01-31 11:18:17,761][DEBUG][m:optional_wandb_wrapper][fn:method][ln:139] - Skipping optional wandb call to 'log' because wandb usage is disabled.
[2025-01-31 11:18:17,825][DEBUG][m:optional_wandb_wrapper][fn:method][ln:139] - Skipping optional wandb call to 'log' because wandb usage is disabled.
[2025-01-31 11:18:17,825][DEBUG][m:optional_wandb_wrapper][fn:method][ln:139] - Skipping optional wandb call to 'log' because wandb usage is disabled.
[2025-01-31 11:18:17,855][DEBUG][m:PngImagePlugin][fn:call][ln:198] - STREAM b'IHDR' 16 13
[2025-01-31 11:18:17,855][DEBUG][m:PngImagePlugin][fn:call][ln:198] - STREAM b'IDAT' 41 8192
[2025-01-31 11:18:17,855][DEBUG][m:PngImagePlugin][fn:call][ln:198] - STREAM b'IHDR' 16 13
[2025-01-31 11:18:17,855][DEBUG][m:PngImagePlugin][fn:call][ln:198] - STREAM b'IDAT' 41 8192
[2025-01-31 11:18:17,871][DEBUG][m:Image][fn:close][ln:637] - Error closing: Operation on closed image
[2025-01-31 11:18:19,018][WARNING][m:optional_rerun_wrapper][fn:orr_log_vlm_image][ln:132] - VLM image not found at path: /home/ubuntu/local_data/Replica/office0/exps/s_detections_stride12/vis/frame000970annotated_for_vlm.jpg
[2025-01-31 11:18:19,018][WARNING][m:optional_rerun_wrapper][fn:orr_log_vlm_image][ln:132] - VLM image not found at path: /home/ubuntu/local_data/Replica/office0/exps/s_detections_stride12/vis/frame000970annotated_for_vlm_w_edges.jpg
[2025-01-31 11:18:19,352][DEBUG][m:optional_wandb_wrapper][fn:method][ln:139] - Skipping optional wandb call to 'log' because wandb usage is disabled.
[2025-01-31 11:18:19,413][DEBUG][m:optional_wandb_wrapper][fn:method][ln:139] - Skipping optional wandb call to 'log' because wandb usage is disabled.
[2025-01-31 11:18:19,413][DEBUG][m:optional_wandb_wrapper][fn:method][ln:139] - Skipping optional wandb call to 'log' because wandb usage is disabled.
[2025-01-31 11:18:19,444][DEBUG][m:PngImagePlugin][fn:call][ln:198] - STREAM b'IHDR' 16 13
[2025-01-31 11:18:19,444][DEBUG][m:PngImagePlugin][fn:call][ln:198] - STREAM b'IDAT' 41 8192
[2025-01-31 11:18:19,444][DEBUG][m:PngImagePlugin][fn:call][ln:198] - STREAM b'IHDR' 16 13
[2025-01-31 11:18:19,445][DEBUG][m:PngImagePlugin][fn:call][ln:198] - STREAM b'IDAT' 41 8192
[2025-01-31 11:18:19,461][DEBUG][m:Image][fn:close][ln:637] - Error closing: Operation on closed image
[2025-01-31 11:18:20,528][WARNING][m:optional_rerun_wrapper][fn:orr_log_vlm_image][ln:132] - VLM image not found at path: /home/ubuntu/local_data/Replica/office0/exps/s_detections_stride12/vis/frame000980annotated_for_vlm.jpg
[2025-01-31 11:18:20,528][WARNING][m:optional_rerun_wrapper][fn:orr_log_vlm_image][ln:132] - VLM image not found at path: /home/ubuntu/local_data/Replica/office0/exps/s_detections_stride12/vis/frame000980annotated_for_vlm_w_edges.jpg
[2025-01-31 11:18:20,748][DEBUG][m:optional_wandb_wrapper][fn:method][ln:139] - Skipping optional wandb call to 'log' because wandb usage is disabled.
[2025-01-31 11:18:20,805][DEBUG][m:optional_wandb_wrapper][fn:method][ln:139] - Skipping optional wandb call to 'log' because wandb usage is disabled.
[2025-01-31 11:18:20,806][DEBUG][m:optional_wandb_wrapper][fn:method][ln:139] - Skipping optional wandb call to 'log' because wandb usage is disabled.
[2025-01-31 11:18:20,837][DEBUG][m:PngImagePlugin][fn:call][ln:198] - STREAM b'IHDR' 16 13
[2025-01-31 11:18:20,837][DEBUG][m:PngImagePlugin][fn:call][ln:198] - STREAM b'IDAT' 41 8192
[2025-01-31 11:18:20,837][DEBUG][m:PngImagePlugin][fn:call][ln:198] - STREAM b'IHDR' 16 13
[2025-01-31 11:18:20,837][DEBUG][m:PngImagePlugin][fn:call][ln:198] - STREAM b'IDAT' 41 8192
[2025-01-31 11:18:20,853][DEBUG][m:Image][fn:close][ln:637] - Error closing: Operation on closed image
[2025-01-31 11:18:21,735][WARNING][m:optional_rerun_wrapper][fn:orr_log_vlm_image][ln:132] - VLM image not found at path: /home/ubuntu/local_data/Replica/office0/exps/s_detections_stride12/vis/frame000990annotated_for_vlm.jpg
[2025-01-31 11:18:21,735][WARNING][m:optional_rerun_wrapper][fn:orr_log_vlm_image][ln:132] - VLM image not found at path: /home/ubuntu/local_data/Replica/office0/exps/s_detections_stride12/vis/frame000990annotated_for_vlm_w_edges.jpg
[2025-01-31 11:18:22,034][DEBUG][m:optional_wandb_wrapper][fn:method][ln:139] - Skipping optional wandb call to 'log' because wandb usage is disabled.
[2025-01-31 11:18:22,034][DEBUG][m:utils][fn:denoise_objects][ln:663] - Starting denoising with 22 objects
[2025-01-31 11:18:22,074][DEBUG][m:utils][fn:denoise_objects][ln:685] - Finished denoising object 0 out of 22
[2025-01-31 11:18:22,074][DEBUG][m:utils][fn:denoise_objects][ln:690] - before denoising: 3211, after denoising: 3211
[2025-01-31 11:18:22,115][DEBUG][m:utils][fn:denoise_objects][ln:685] - Finished denoising object 1 out of 22
[2025-01-31 11:18:22,115][DEBUG][m:utils][fn:denoise_objects][ln:690] - before denoising: 3410, after denoising: 3410
[2025-01-31 11:18:22,183][DEBUG][m:utils][fn:denoise_objects][ln:685] - Finished denoising object 2 out of 22
[2025-01-31 11:18:22,183][DEBUG][m:utils][fn:denoise_objects][ln:690] - before denoising: 6001, after denoising: 5966
[2025-01-31 11:18:22,393][DEBUG][m:utils][fn:denoise_objects][ln:685] - Finished denoising object 3 out of 22
[2025-01-31 11:18:22,393][DEBUG][m:utils][fn:denoise_objects][ln:690] - before denoising: 21567, after denoising: 21567
[2025-01-31 11:18:22,647][DEBUG][m:utils][fn:denoise_objects][ln:685] - Finished denoising object 4 out of 22
[2025-01-31 11:18:22,648][DEBUG][m:utils][fn:denoise_objects][ln:690] - before denoising: 24257, after denoising: 24257
[2025-01-31 11:18:22,648][DEBUG][m:utils][fn:denoise_objects][ln:685] - Finished denoising object 5 out of 22
[2025-01-31 11:18:22,649][DEBUG][m:utils][fn:denoise_objects][ln:690] - before denoising: 123, after denoising: 123
[2025-01-31 11:18:22,707][DEBUG][m:utils][fn:denoise_objects][ln:685] - Finished denoising object 6 out of 22
[2025-01-31 11:18:22,707][DEBUG][m:utils][fn:denoise_objects][ln:690] - before denoising: 5727, after denoising: 5649
[2025-01-31 11:18:22,712][DEBUG][m:utils][fn:denoise_objects][ln:685] - Finished denoising object 7 out of 22
[2025-01-31 11:18:22,712][DEBUG][m:utils][fn:denoise_objects][ln:690] - before denoising: 543, after denoising: 543
[2025-01-31 11:18:22,723][DEBUG][m:utils][fn:denoise_objects][ln:685] - Finished denoising object 8 out of 22
[2025-01-31 11:18:22,723][DEBUG][m:utils][fn:denoise_objects][ln:690] - before denoising: 1036, after denoising: 1036
[2025-01-31 11:18:22,791][DEBUG][m:utils][fn:denoise_objects][ln:685] - Finished denoising object 9 out of 22
[2025-01-31 11:18:22,792][DEBUG][m:utils][fn:denoise_objects][ln:690] - before denoising: 5946, after denoising: 5946
[2025-01-31 11:18:23,039][DEBUG][m:utils][fn:denoise_objects][ln:685] - Finished denoising object 10 out of 22
[2025-01-31 11:18:23,039][DEBUG][m:utils][fn:denoise_objects][ln:690] - before denoising: 22367, after denoising: 22367
[2025-01-31 11:18:23,366][DEBUG][m:utils][fn:denoise_objects][ln:685] - Finished denoising object 11 out of 22
[2025-01-31 11:18:23,366][DEBUG][m:utils][fn:denoise_objects][ln:690] - before denoising: 32144, after denoising: 32144
[2025-01-31 11:18:23,398][DEBUG][m:utils][fn:denoise_objects][ln:685] - Finished denoising object 12 out of 22
[2025-01-31 11:18:23,398][DEBUG][m:utils][fn:denoise_objects][ln:690] - before denoising: 3163, after denoising: 3157
[2025-01-31 11:18:23,403][DEBUG][m:utils][fn:denoise_objects][ln:685] - Finished denoising object 13 out of 22
[2025-01-31 11:18:23,403][DEBUG][m:utils][fn:denoise_objects][ln:690] - before denoising: 706, after denoising: 706
[2025-01-31 11:18:23,522][DEBUG][m:utils][fn:denoise_objects][ln:685] - Finished denoising object 14 out of 22
[2025-01-31 11:18:23,522][DEBUG][m:utils][fn:denoise_objects][ln:690] - before denoising: 10530, after denoising: 10530
[2025-01-31 11:18:23,535][DEBUG][m:utils][fn:denoise_objects][ln:685] - Finished denoising object 15 out of 22
[2025-01-31 11:18:23,535][DEBUG][m:utils][fn:denoise_objects][ln:690] - before denoising: 4875, after denoising: 4875
[2025-01-31 11:18:23,557][DEBUG][m:utils][fn:denoise_objects][ln:685] - Finished denoising object 16 out of 22
[2025-01-31 11:18:23,557][DEBUG][m:utils][fn:denoise_objects][ln:690] - before denoising: 1963, after denoising: 1963
[2025-01-31 11:18:23,605][DEBUG][m:utils][fn:denoise_objects][ln:685] - Finished denoising object 17 out of 22
[2025-01-31 11:18:23,605][DEBUG][m:utils][fn:denoise_objects][ln:690] - before denoising: 4308, after denoising: 4308
[2025-01-31 11:18:23,606][DEBUG][m:utils][fn:denoise_objects][ln:685] - Finished denoising object 18 out of 22
[2025-01-31 11:18:23,606][DEBUG][m:utils][fn:denoise_objects][ln:690] - before denoising: 37, after denoising: 37
[2025-01-31 11:18:23,953][DEBUG][m:utils][fn:denoise_objects][ln:685] - Finished denoising object 19 out of 22
[2025-01-31 11:18:23,953][DEBUG][m:utils][fn:denoise_objects][ln:690] - before denoising: 26474, after denoising: 26474
[2025-01-31 11:18:24,411][DEBUG][m:utils][fn:denoise_objects][ln:685] - Finished denoising object 20 out of 22
[2025-01-31 11:18:24,412][DEBUG][m:utils][fn:denoise_objects][ln:690] - before denoising: 39948, after denoising: 39948
[2025-01-31 11:18:24,431][DEBUG][m:utils][fn:denoise_objects][ln:685] - Finished denoising object 21 out of 22
[2025-01-31 11:18:24,432][DEBUG][m:utils][fn:denoise_objects][ln:690] - before denoising: 2074, after denoising: 2074
[2025-01-31 11:18:24,432][DEBUG][m:utils][fn:denoise_objects][ln:691] - Finished denoising with 22 objects
[2025-01-31 11:18:24,838][DEBUG][m:optional_wandb_wrapper][fn:method][ln:139] - Skipping optional wandb call to 'log' because wandb usage is disabled.
[2025-01-31 11:18:24,839][DEBUG][m:optional_wandb_wrapper][fn:method][ln:139] - Skipping optional wandb call to 'log' because wandb usage is disabled.
[2025-01-31 11:18:24,871][DEBUG][m:PngImagePlugin][fn:call][ln:198] - STREAM b'IHDR' 16 13
[2025-01-31 11:18:24,871][DEBUG][m:PngImagePlugin][fn:call][ln:198] - STREAM b'IDAT' 41 8192
[2025-01-31 11:18:24,871][DEBUG][m:PngImagePlugin][fn:call][ln:198] - STREAM b'IHDR' 16 13
[2025-01-31 11:18:24,871][DEBUG][m:PngImagePlugin][fn:call][ln:198] - STREAM b'IDAT' 41 8192
[2025-01-31 11:18:24,887][DEBUG][m:Image][fn:close][ln:637] - Error closing: Operation on closed image
[2025-01-31 11:18:25,682][WARNING][m:optional_rerun_wrapper][fn:orr_log_vlm_image][ln:132] - VLM image not found at path: /home/ubuntu/local_data/Replica/office0/exps/s_detections_stride12/vis/frame001000annotated_for_vlm.jpg
[2025-01-31 11:18:25,682][WARNING][m:optional_rerun_wrapper][fn:orr_log_vlm_image][ln:132] - VLM image not found at path: /home/ubuntu/local_data/Replica/office0/exps/s_detections_stride12/vis/frame001000annotated_for_vlm_w_edges.jpg
[2025-01-31 11:18:26,006][DEBUG][m:optional_wandb_wrapper][fn:method][ln:139] - Skipping optional wandb call to 'log' because wandb usage is disabled.
[2025-01-31 11:18:26,066][DEBUG][m:optional_wandb_wrapper][fn:method][ln:139] - Skipping optional wandb call to 'log' because wandb usage is disabled.
[2025-01-31 11:18:26,066][DEBUG][m:optional_wandb_wrapper][fn:method][ln:139] - Skipping optional wandb call to 'log' because wandb usage is disabled.
[2025-01-31 11:18:26,105][DEBUG][m:PngImagePlugin][fn:call][ln:198] - STREAM b'IHDR' 16 13
[2025-01-31 11:18:26,105][DEBUG][m:PngImagePlugin][fn:call][ln:198] - STREAM b'IDAT' 41 8192
[2025-01-31 11:18:26,105][DEBUG][m:PngImagePlugin][fn:call][ln:198] - STREAM b'IHDR' 16 13
[2025-01-31 11:18:26,105][DEBUG][m:PngImagePlugin][fn:call][ln:198] - STREAM b'IDAT' 41 8192
[2025-01-31 11:18:26,121][DEBUG][m:Image][fn:close][ln:637] - Error closing: Operation on closed image
[2025-01-31 11:18:26,909][WARNING][m:optional_rerun_wrapper][fn:orr_log_vlm_image][ln:132] - VLM image not found at path: /home/ubuntu/local_data/Replica/office0/exps/s_detections_stride12/vis/frame001010annotated_for_vlm.jpg
[2025-01-31 11:18:26,909][WARNING][m:optional_rerun_wrapper][fn:orr_log_vlm_image][ln:132] - VLM image not found at path: /home/ubuntu/local_data/Replica/office0/exps/s_detections_stride12/vis/frame001010annotated_for_vlm_w_edges.jpg
[2025-01-31 11:18:27,161][DEBUG][m:optional_wandb_wrapper][fn:method][ln:139] - Skipping optional wandb call to 'log' because wandb usage is disabled.
[2025-01-31 11:18:27,221][DEBUG][m:optional_wandb_wrapper][fn:method][ln:139] - Skipping optional wandb call to 'log' because wandb usage is disabled.
[2025-01-31 11:18:27,222][DEBUG][m:optional_wandb_wrapper][fn:method][ln:139] - Skipping optional wandb call to 'log' because wandb usage is disabled.
[2025-01-31 11:18:27,251][DEBUG][m:PngImagePlugin][fn:call][ln:198] - STREAM b'IHDR' 16 13
[2025-01-31 11:18:27,251][DEBUG][m:PngImagePlugin][fn:call][ln:198] - STREAM b'IDAT' 41 8192
[2025-01-31 11:18:27,251][DEBUG][m:PngImagePlugin][fn:call][ln:198] - STREAM b'IHDR' 16 13
[2025-01-31 11:18:27,251][DEBUG][m:PngImagePlugin][fn:call][ln:198] - STREAM b'IDAT' 41 8192
[2025-01-31 11:18:27,266][DEBUG][m:Image][fn:close][ln:637] - Error closing: Operation on closed image
[2025-01-31 11:18:28,290][WARNING][m:optional_rerun_wrapper][fn:orr_log_vlm_image][ln:132] - VLM image not found at path: /home/ubuntu/local_data/Replica/office0/exps/s_detections_stride12/vis/frame001020annotated_for_vlm.jpg
[2025-01-31 11:18:28,291][WARNING][m:optional_rerun_wrapper][fn:orr_log_vlm_image][ln:132] - VLM image not found at path: /home/ubuntu/local_data/Replica/office0/exps/s_detections_stride12/vis/frame001020annotated_for_vlm_w_edges.jpg
[2025-01-31 11:18:28,684][DEBUG][m:optional_wandb_wrapper][fn:method][ln:139] - Skipping optional wandb call to 'log' because wandb usage is disabled.
[2025-01-31 11:18:28,745][DEBUG][m:optional_wandb_wrapper][fn:method][ln:139] - Skipping optional wandb call to 'log' because wandb usage is disabled.
[2025-01-31 11:18:28,745][DEBUG][m:optional_wandb_wrapper][fn:method][ln:139] - Skipping optional wandb call to 'log' because wandb usage is disabled.
[2025-01-31 11:18:28,780][DEBUG][m:PngImagePlugin][fn:call][ln:198] - STREAM b'IHDR' 16 13
[2025-01-31 11:18:28,780][DEBUG][m:PngImagePlugin][fn:call][ln:198] - STREAM b'IDAT' 41 8192
[2025-01-31 11:18:28,780][DEBUG][m:PngImagePlugin][fn:call][ln:198] - STREAM b'IHDR' 16 13
[2025-01-31 11:18:28,780][DEBUG][m:PngImagePlugin][fn:call][ln:198] - STREAM b'IDAT' 41 8192
[2025-01-31 11:18:28,797][DEBUG][m:Image][fn:close][ln:637] - Error closing: Operation on closed image
[2025-01-31 11:18:29,764][WARNING][m:optional_rerun_wrapper][fn:orr_log_vlm_image][ln:132] - VLM image not found at path: /home/ubuntu/local_data/Replica/office0/exps/s_detections_stride12/vis/frame001030annotated_for_vlm.jpg
[2025-01-31 11:18:29,764][WARNING][m:optional_rerun_wrapper][fn:orr_log_vlm_image][ln:132] - VLM image not found at path: /home/ubuntu/local_data/Replica/office0/exps/s_detections_stride12/vis/frame001030annotated_for_vlm_w_edges.jpg
[2025-01-31 11:18:30,112][DEBUG][m:optional_wandb_wrapper][fn:method][ln:139] - Skipping optional wandb call to 'log' because wandb usage is disabled.
[2025-01-31 11:18:30,172][DEBUG][m:optional_wandb_wrapper][fn:method][ln:139] - Skipping optional wandb call to 'log' because wandb usage is disabled.
[2025-01-31 11:18:30,172][DEBUG][m:optional_wandb_wrapper][fn:method][ln:139] - Skipping optional wandb call to 'log' because wandb usage is disabled.
[2025-01-31 11:18:30,208][DEBUG][m:PngImagePlugin][fn:call][ln:198] - STREAM b'IHDR' 16 13
[2025-01-31 11:18:30,208][DEBUG][m:PngImagePlugin][fn:call][ln:198] - STREAM b'IDAT' 41 8192
[2025-01-31 11:18:30,209][DEBUG][m:PngImagePlugin][fn:call][ln:198] - STREAM b'IHDR' 16 13
[2025-01-31 11:18:30,209][DEBUG][m:PngImagePlugin][fn:call][ln:198] - STREAM b'IDAT' 41 8192
[2025-01-31 11:18:30,223][DEBUG][m:Image][fn:close][ln:637] - Error closing: Operation on closed image
[2025-01-31 11:18:31,307][WARNING][m:optional_rerun_wrapper][fn:orr_log_vlm_image][ln:132] - VLM image not found at path: /home/ubuntu/local_data/Replica/office0/exps/s_detections_stride12/vis/frame001040annotated_for_vlm.jpg
[2025-01-31 11:18:31,307][WARNING][m:optional_rerun_wrapper][fn:orr_log_vlm_image][ln:132] - VLM image not found at path: /home/ubuntu/local_data/Replica/office0/exps/s_detections_stride12/vis/frame001040annotated_for_vlm_w_edges.jpg
[2025-01-31 11:18:31,718][DEBUG][m:optional_wandb_wrapper][fn:method][ln:139] - Skipping optional wandb call to 'log' because wandb usage is disabled.
[2025-01-31 11:18:31,718][DEBUG][m:utils][fn:denoise_objects][ln:663] - Starting denoising with 22 objects
[2025-01-31 11:18:31,756][DEBUG][m:utils][fn:denoise_objects][ln:685] - Finished denoising object 0 out of 22
[2025-01-31 11:18:31,756][DEBUG][m:utils][fn:denoise_objects][ln:690] - before denoising: 3211, after denoising: 3211
[2025-01-31 11:18:31,797][DEBUG][m:utils][fn:denoise_objects][ln:685] - Finished denoising object 1 out of 22
[2025-01-31 11:18:31,797][DEBUG][m:utils][fn:denoise_objects][ln:690] - before denoising: 3410, after denoising: 3410
[2025-01-31 11:18:31,868][DEBUG][m:utils][fn:denoise_objects][ln:685] - Finished denoising object 2 out of 22
[2025-01-31 11:18:31,868][DEBUG][m:utils][fn:denoise_objects][ln:690] - before denoising: 5966, after denoising: 5966
[2025-01-31 11:18:32,076][DEBUG][m:utils][fn:denoise_objects][ln:685] - Finished denoising object 3 out of 22
[2025-01-31 11:18:32,077][DEBUG][m:utils][fn:denoise_objects][ln:690] - before denoising: 21567, after denoising: 21567
[2025-01-31 11:18:32,396][DEBUG][m:utils][fn:denoise_objects][ln:685] - Finished denoising object 4 out of 22
[2025-01-31 11:18:32,396][DEBUG][m:utils][fn:denoise_objects][ln:690] - before denoising: 27190, after denoising: 27190
[2025-01-31 11:18:32,397][DEBUG][m:utils][fn:denoise_objects][ln:685] - Finished denoising object 5 out of 22
[2025-01-31 11:18:32,397][DEBUG][m:utils][fn:denoise_objects][ln:690] - before denoising: 123, after denoising: 123
[2025-01-31 11:18:32,470][DEBUG][m:utils][fn:denoise_objects][ln:685] - Finished denoising object 6 out of 22
[2025-01-31 11:18:32,470][DEBUG][m:utils][fn:denoise_objects][ln:690] - before denoising: 6300, after denoising: 6300
[2025-01-31 11:18:32,474][DEBUG][m:utils][fn:denoise_objects][ln:685] - Finished denoising object 7 out of 22
[2025-01-31 11:18:32,474][DEBUG][m:utils][fn:denoise_objects][ln:690] - before denoising: 543, after denoising: 543
[2025-01-31 11:18:32,485][DEBUG][m:utils][fn:denoise_objects][ln:685] - Finished denoising object 8 out of 22
[2025-01-31 11:18:32,485][DEBUG][m:utils][fn:denoise_objects][ln:690] - before denoising: 1036, after denoising: 1036
[2025-01-31 11:18:32,561][DEBUG][m:utils][fn:denoise_objects][ln:685] - Finished denoising object 9 out of 22
[2025-01-31 11:18:32,561][DEBUG][m:utils][fn:denoise_objects][ln:690] - before denoising: 6190, after denoising: 6187
[2025-01-31 11:18:32,848][DEBUG][m:utils][fn:denoise_objects][ln:685] - Finished denoising object 10 out of 22
[2025-01-31 11:18:32,848][DEBUG][m:utils][fn:denoise_objects][ln:690] - before denoising: 26620, after denoising: 26620
[2025-01-31 11:18:33,204][DEBUG][m:utils][fn:denoise_objects][ln:685] - Finished denoising object 11 out of 22
[2025-01-31 11:18:33,204][DEBUG][m:utils][fn:denoise_objects][ln:690] - before denoising: 33683, after denoising: 33683
[2025-01-31 11:18:33,237][DEBUG][m:utils][fn:denoise_objects][ln:685] - Finished denoising object 12 out of 22
[2025-01-31 11:18:33,237][DEBUG][m:utils][fn:denoise_objects][ln:690] - before denoising: 3157, after denoising: 3157
[2025-01-31 11:18:33,242][DEBUG][m:utils][fn:denoise_objects][ln:685] - Finished denoising object 13 out of 22
[2025-01-31 11:18:33,242][DEBUG][m:utils][fn:denoise_objects][ln:690] - before denoising: 706, after denoising: 706
[2025-01-31 11:18:33,364][DEBUG][m:utils][fn:denoise_objects][ln:685] - Finished denoising object 14 out of 22
[2025-01-31 11:18:33,365][DEBUG][m:utils][fn:denoise_objects][ln:690] - before denoising: 10530, after denoising: 10530
[2025-01-31 11:18:33,377][DEBUG][m:utils][fn:denoise_objects][ln:685] - Finished denoising object 15 out of 22
[2025-01-31 11:18:33,377][DEBUG][m:utils][fn:denoise_objects][ln:690] - before denoising: 4875, after denoising: 4875
[2025-01-31 11:18:33,399][DEBUG][m:utils][fn:denoise_objects][ln:685] - Finished denoising object 16 out of 22
[2025-01-31 11:18:33,399][DEBUG][m:utils][fn:denoise_objects][ln:690] - before denoising: 1963, after denoising: 1963
[2025-01-31 11:18:33,447][DEBUG][m:utils][fn:denoise_objects][ln:685] - Finished denoising object 17 out of 22
[2025-01-31 11:18:33,447][DEBUG][m:utils][fn:denoise_objects][ln:690] - before denoising: 4308, after denoising: 4308
[2025-01-31 11:18:33,448][DEBUG][m:utils][fn:denoise_objects][ln:685] - Finished denoising object 18 out of 22
[2025-01-31 11:18:33,448][DEBUG][m:utils][fn:denoise_objects][ln:690] - before denoising: 37, after denoising: 37
[2025-01-31 11:18:33,784][DEBUG][m:utils][fn:denoise_objects][ln:685] - Finished denoising object 19 out of 22
[2025-01-31 11:18:33,785][DEBUG][m:utils][fn:denoise_objects][ln:690] - before denoising: 26474, after denoising: 26474
[2025-01-31 11:18:34,241][DEBUG][m:utils][fn:denoise_objects][ln:685] - Finished denoising object 20 out of 22
[2025-01-31 11:18:34,241][DEBUG][m:utils][fn:denoise_objects][ln:690] - before denoising: 39948, after denoising: 39948
[2025-01-31 11:18:34,260][DEBUG][m:utils][fn:denoise_objects][ln:685] - Finished denoising object 21 out of 22
[2025-01-31 11:18:34,260][DEBUG][m:utils][fn:denoise_objects][ln:690] - before denoising: 2074, after denoising: 2074
[2025-01-31 11:18:34,260][DEBUG][m:utils][fn:denoise_objects][ln:691] - Finished denoising with 22 objects
[2025-01-31 11:18:34,754][DEBUG][m:optional_wandb_wrapper][fn:method][ln:139] - Skipping optional wandb call to 'log' because wandb usage is disabled.
[2025-01-31 11:18:34,754][DEBUG][m:optional_wandb_wrapper][fn:method][ln:139] - Skipping optional wandb call to 'log' because wandb usage is disabled.
[2025-01-31 11:18:34,780][DEBUG][m:PngImagePlugin][fn:call][ln:198] - STREAM b'IHDR' 16 13
[2025-01-31 11:18:34,780][DEBUG][m:PngImagePlugin][fn:call][ln:198] - STREAM b'IDAT' 41 8192
[2025-01-31 11:18:34,780][DEBUG][m:PngImagePlugin][fn:call][ln:198] - STREAM b'IHDR' 16 13
[2025-01-31 11:18:34,780][DEBUG][m:PngImagePlugin][fn:call][ln:198] - STREAM b'IDAT' 41 8192
[2025-01-31 11:18:34,796][DEBUG][m:Image][fn:close][ln:637] - Error closing: Operation on closed image
[2025-01-31 11:18:35,783][WARNING][m:optional_rerun_wrapper][fn:orr_log_vlm_image][ln:132] - VLM image not found at path: /home/ubuntu/local_data/Replica/office0/exps/s_detections_stride12/vis/frame001050annotated_for_vlm.jpg
[2025-01-31 11:18:35,783][WARNING][m:optional_rerun_wrapper][fn:orr_log_vlm_image][ln:132] - VLM image not found at path: /home/ubuntu/local_data/Replica/office0/exps/s_detections_stride12/vis/frame001050annotated_for_vlm_w_edges.jpg
[2025-01-31 11:18:36,146][DEBUG][m:optional_wandb_wrapper][fn:method][ln:139] - Skipping optional wandb call to 'log' because wandb usage is disabled.
[2025-01-31 11:18:36,205][DEBUG][m:optional_wandb_wrapper][fn:method][ln:139] - Skipping optional wandb call to 'log' because wandb usage is disabled.
[2025-01-31 11:18:36,205][DEBUG][m:optional_wandb_wrapper][fn:method][ln:139] - Skipping optional wandb call to 'log' because wandb usage is disabled.
[2025-01-31 11:18:36,235][DEBUG][m:PngImagePlugin][fn:call][ln:198] - STREAM b'IHDR' 16 13
[2025-01-31 11:18:36,236][DEBUG][m:PngImagePlugin][fn:call][ln:198] - STREAM b'IDAT' 41 8192
[2025-01-31 11:18:36,236][DEBUG][m:PngImagePlugin][fn:call][ln:198] - STREAM b'IHDR' 16 13
[2025-01-31 11:18:36,236][DEBUG][m:PngImagePlugin][fn:call][ln:198] - STREAM b'IDAT' 41 8192
[2025-01-31 11:18:36,253][DEBUG][m:Image][fn:close][ln:637] - Error closing: Operation on closed image
[2025-01-31 11:18:37,174][WARNING][m:optional_rerun_wrapper][fn:orr_log_vlm_image][ln:132] - VLM image not found at path: /home/ubuntu/local_data/Replica/office0/exps/s_detections_stride12/vis/frame001060annotated_for_vlm.jpg
[2025-01-31 11:18:37,174][WARNING][m:optional_rerun_wrapper][fn:orr_log_vlm_image][ln:132] - VLM image not found at path: /home/ubuntu/local_data/Replica/office0/exps/s_detections_stride12/vis/frame001060annotated_for_vlm_w_edges.jpg
[2025-01-31 11:18:37,597][DEBUG][m:optional_wandb_wrapper][fn:method][ln:139] - Skipping optional wandb call to 'log' because wandb usage is disabled.
[2025-01-31 11:18:37,657][DEBUG][m:optional_wandb_wrapper][fn:method][ln:139] - Skipping optional wandb call to 'log' because wandb usage is disabled.
[2025-01-31 11:18:37,657][DEBUG][m:optional_wandb_wrapper][fn:method][ln:139] - Skipping optional wandb call to 'log' because wandb usage is disabled.
[2025-01-31 11:18:37,684][DEBUG][m:PngImagePlugin][fn:call][ln:198] - STREAM b'IHDR' 16 13
[2025-01-31 11:18:37,684][DEBUG][m:PngImagePlugin][fn:call][ln:198] - STREAM b'IDAT' 41 8192
[2025-01-31 11:18:37,684][DEBUG][m:PngImagePlugin][fn:call][ln:198] - STREAM b'IHDR' 16 13
[2025-01-31 11:18:37,684][DEBUG][m:PngImagePlugin][fn:call][ln:198] - STREAM b'IDAT' 41 8192
[2025-01-31 11:18:37,699][DEBUG][m:Image][fn:close][ln:637] - Error closing: Operation on closed image
[2025-01-31 11:18:38,551][WARNING][m:optional_rerun_wrapper][fn:orr_log_vlm_image][ln:132] - VLM image not found at path: /home/ubuntu/local_data/Replica/office0/exps/s_detections_stride12/vis/frame001070annotated_for_vlm.jpg
[2025-01-31 11:18:38,551][WARNING][m:optional_rerun_wrapper][fn:orr_log_vlm_image][ln:132] - VLM image not found at path: /home/ubuntu/local_data/Replica/office0/exps/s_detections_stride12/vis/frame001070annotated_for_vlm_w_edges.jpg
[2025-01-31 11:18:39,016][DEBUG][m:optional_wandb_wrapper][fn:method][ln:139] - Skipping optional wandb call to 'log' because wandb usage is disabled.
[2025-01-31 11:18:39,076][DEBUG][m:optional_wandb_wrapper][fn:method][ln:139] - Skipping optional wandb call to 'log' because wandb usage is disabled.
[2025-01-31 11:18:39,077][DEBUG][m:optional_wandb_wrapper][fn:method][ln:139] - Skipping optional wandb call to 'log' because wandb usage is disabled.
[2025-01-31 11:18:39,108][DEBUG][m:PngImagePlugin][fn:call][ln:198] - STREAM b'IHDR' 16 13
[2025-01-31 11:18:39,108][DEBUG][m:PngImagePlugin][fn:call][ln:198] - STREAM b'IDAT' 41 8192
[2025-01-31 11:18:39,108][DEBUG][m:PngImagePlugin][fn:call][ln:198] - STREAM b'IHDR' 16 13
[2025-01-31 11:18:39,108][DEBUG][m:PngImagePlugin][fn:call][ln:198] - STREAM b'IDAT' 41 8192
[2025-01-31 11:18:39,123][DEBUG][m:Image][fn:close][ln:637] - Error closing: Operation on closed image
[2025-01-31 11:18:40,185][WARNING][m:optional_rerun_wrapper][fn:orr_log_vlm_image][ln:132] - VLM image not found at path: /home/ubuntu/local_data/Replica/office0/exps/s_detections_stride12/vis/frame001080annotated_for_vlm.jpg
[2025-01-31 11:18:40,185][WARNING][m:optional_rerun_wrapper][fn:orr_log_vlm_image][ln:132] - VLM image not found at path: /home/ubuntu/local_data/Replica/office0/exps/s_detections_stride12/vis/frame001080annotated_for_vlm_w_edges.jpg
[2025-01-31 11:18:40,631][DEBUG][m:optional_wandb_wrapper][fn:method][ln:139] - Skipping optional wandb call to 'log' because wandb usage is disabled.
[2025-01-31 11:18:40,694][DEBUG][m:optional_wandb_wrapper][fn:method][ln:139] - Skipping optional wandb call to 'log' because wandb usage is disabled.
[2025-01-31 11:18:40,694][DEBUG][m:optional_wandb_wrapper][fn:method][ln:139] - Skipping optional wandb call to 'log' because wandb usage is disabled.
[2025-01-31 11:18:40,724][DEBUG][m:PngImagePlugin][fn:call][ln:198] - STREAM b'IHDR' 16 13
[2025-01-31 11:18:40,725][DEBUG][m:PngImagePlugin][fn:call][ln:198] - STREAM b'IDAT' 41 8192
[2025-01-31 11:18:40,725][DEBUG][m:PngImagePlugin][fn:call][ln:198] - STREAM b'IHDR' 16 13
[2025-01-31 11:18:40,725][DEBUG][m:PngImagePlugin][fn:call][ln:198] - STREAM b'IDAT' 41 8192
[2025-01-31 11:18:40,743][DEBUG][m:Image][fn:close][ln:637] - Error closing: Operation on closed image
[2025-01-31 11:18:41,773][WARNING][m:optional_rerun_wrapper][fn:orr_log_vlm_image][ln:132] - VLM image not found at path: /home/ubuntu/local_data/Replica/office0/exps/s_detections_stride12/vis/frame001090annotated_for_vlm.jpg
[2025-01-31 11:18:41,773][WARNING][m:optional_rerun_wrapper][fn:orr_log_vlm_image][ln:132] - VLM image not found at path: /home/ubuntu/local_data/Replica/office0/exps/s_detections_stride12/vis/frame001090annotated_for_vlm_w_edges.jpg
[2025-01-31 11:18:42,305][DEBUG][m:optional_wandb_wrapper][fn:method][ln:139] - Skipping optional wandb call to 'log' because wandb usage is disabled.
[2025-01-31 11:18:42,306][DEBUG][m:utils][fn:denoise_objects][ln:663] - Starting denoising with 22 objects
[2025-01-31 11:18:42,343][DEBUG][m:utils][fn:denoise_objects][ln:685] - Finished denoising object 0 out of 22
[2025-01-31 11:18:42,343][DEBUG][m:utils][fn:denoise_objects][ln:690] - before denoising: 3211, after denoising: 3211
[2025-01-31 11:18:42,383][DEBUG][m:utils][fn:denoise_objects][ln:685] - Finished denoising object 1 out of 22
[2025-01-31 11:18:42,384][DEBUG][m:utils][fn:denoise_objects][ln:690] - before denoising: 3410, after denoising: 3410
[2025-01-31 11:18:42,455][DEBUG][m:utils][fn:denoise_objects][ln:685] - Finished denoising object 2 out of 22
[2025-01-31 11:18:42,455][DEBUG][m:utils][fn:denoise_objects][ln:690] - before denoising: 6246, after denoising: 6235
[2025-01-31 11:18:42,638][DEBUG][m:utils][fn:denoise_objects][ln:685] - Finished denoising object 3 out of 22
[2025-01-31 11:18:42,638][DEBUG][m:utils][fn:denoise_objects][ln:690] - before denoising: 20130, after denoising: 20130
[2025-01-31 11:18:43,020][DEBUG][m:utils][fn:denoise_objects][ln:685] - Finished denoising object 4 out of 22
[2025-01-31 11:18:43,020][DEBUG][m:utils][fn:denoise_objects][ln:690] - before denoising: 29931, after denoising: 29931
[2025-01-31 11:18:43,021][DEBUG][m:utils][fn:denoise_objects][ln:685] - Finished denoising object 5 out of 22
[2025-01-31 11:18:43,022][DEBUG][m:utils][fn:denoise_objects][ln:690] - before denoising: 123, after denoising: 123
[2025-01-31 11:18:43,102][DEBUG][m:utils][fn:denoise_objects][ln:685] - Finished denoising object 6 out of 22
[2025-01-31 11:18:43,102][DEBUG][m:utils][fn:denoise_objects][ln:690] - before denoising: 6585, after denoising: 6585
[2025-01-31 11:18:43,106][DEBUG][m:utils][fn:denoise_objects][ln:685] - Finished denoising object 7 out of 22
[2025-01-31 11:18:43,107][DEBUG][m:utils][fn:denoise_objects][ln:690] - before denoising: 543, after denoising: 543
[2025-01-31 11:18:43,121][DEBUG][m:utils][fn:denoise_objects][ln:685] - Finished denoising object 8 out of 22
[2025-01-31 11:18:43,121][DEBUG][m:utils][fn:denoise_objects][ln:690] - before denoising: 1188, after denoising: 1182
[2025-01-31 11:18:43,198][DEBUG][m:utils][fn:denoise_objects][ln:685] - Finished denoising object 9 out of 22
[2025-01-31 11:18:43,198][DEBUG][m:utils][fn:denoise_objects][ln:690] - before denoising: 6215, after denoising: 6206
[2025-01-31 11:18:43,479][DEBUG][m:utils][fn:denoise_objects][ln:685] - Finished denoising object 10 out of 22
[2025-01-31 11:18:43,479][DEBUG][m:utils][fn:denoise_objects][ln:690] - before denoising: 26235, after denoising: 26235
[2025-01-31 11:18:43,840][DEBUG][m:utils][fn:denoise_objects][ln:685] - Finished denoising object 11 out of 22
[2025-01-31 11:18:43,840][DEBUG][m:utils][fn:denoise_objects][ln:690] - before denoising: 33683, after denoising: 33683
[2025-01-31 11:18:43,872][DEBUG][m:utils][fn:denoise_objects][ln:685] - Finished denoising object 12 out of 22
[2025-01-31 11:18:43,872][DEBUG][m:utils][fn:denoise_objects][ln:690] - before denoising: 3157, after denoising: 3157
[2025-01-31 11:18:43,878][DEBUG][m:utils][fn:denoise_objects][ln:685] - Finished denoising object 13 out of 22
[2025-01-31 11:18:43,878][DEBUG][m:utils][fn:denoise_objects][ln:690] - before denoising: 706, after denoising: 706
[2025-01-31 11:18:43,997][DEBUG][m:utils][fn:denoise_objects][ln:685] - Finished denoising object 14 out of 22
[2025-01-31 11:18:43,997][DEBUG][m:utils][fn:denoise_objects][ln:690] - before denoising: 10530, after denoising: 10530
[2025-01-31 11:18:44,009][DEBUG][m:utils][fn:denoise_objects][ln:685] - Finished denoising object 15 out of 22
[2025-01-31 11:18:44,009][DEBUG][m:utils][fn:denoise_objects][ln:690] - before denoising: 4875, after denoising: 4875
[2025-01-31 11:18:44,031][DEBUG][m:utils][fn:denoise_objects][ln:685] - Finished denoising object 16 out of 22
[2025-01-31 11:18:44,031][DEBUG][m:utils][fn:denoise_objects][ln:690] - before denoising: 1963, after denoising: 1963
[2025-01-31 11:18:44,079][DEBUG][m:utils][fn:denoise_objects][ln:685] - Finished denoising object 17 out of 22
[2025-01-31 11:18:44,080][DEBUG][m:utils][fn:denoise_objects][ln:690] - before denoising: 4308, after denoising: 4308
[2025-01-31 11:18:44,080][DEBUG][m:utils][fn:denoise_objects][ln:685] - Finished denoising object 18 out of 22
[2025-01-31 11:18:44,080][DEBUG][m:utils][fn:denoise_objects][ln:690] - before denoising: 37, after denoising: 37
[2025-01-31 11:18:44,425][DEBUG][m:utils][fn:denoise_objects][ln:685] - Finished denoising object 19 out of 22
[2025-01-31 11:18:44,425][DEBUG][m:utils][fn:denoise_objects][ln:690] - before denoising: 26474, after denoising: 26474
[2025-01-31 11:18:44,886][DEBUG][m:utils][fn:denoise_objects][ln:685] - Finished denoising object 20 out of 22
[2025-01-31 11:18:44,886][DEBUG][m:utils][fn:denoise_objects][ln:690] - before denoising: 39948, after denoising: 39948
[2025-01-31 11:18:44,906][DEBUG][m:utils][fn:denoise_objects][ln:685] - Finished denoising object 21 out of 22
[2025-01-31 11:18:44,906][DEBUG][m:utils][fn:denoise_objects][ln:690] - before denoising: 2074, after denoising: 2074
[2025-01-31 11:18:44,906][DEBUG][m:utils][fn:denoise_objects][ln:691] - Finished denoising with 22 objects
[2025-01-31 11:18:45,411][DEBUG][m:optional_wandb_wrapper][fn:method][ln:139] - Skipping optional wandb call to 'log' because wandb usage is disabled.
[2025-01-31 11:18:45,411][DEBUG][m:optional_wandb_wrapper][fn:method][ln:139] - Skipping optional wandb call to 'log' because wandb usage is disabled.
[2025-01-31 11:18:45,442][DEBUG][m:PngImagePlugin][fn:call][ln:198] - STREAM b'IHDR' 16 13
[2025-01-31 11:18:45,443][DEBUG][m:PngImagePlugin][fn:call][ln:198] - STREAM b'IDAT' 41 8192
[2025-01-31 11:18:45,443][DEBUG][m:PngImagePlugin][fn:call][ln:198] - STREAM b'IHDR' 16 13
[2025-01-31 11:18:45,443][DEBUG][m:PngImagePlugin][fn:call][ln:198] - STREAM b'IDAT' 41 8192
[2025-01-31 11:18:45,460][DEBUG][m:Image][fn:close][ln:637] - Error closing: Operation on closed image
[2025-01-31 11:18:46,507][WARNING][m:optional_rerun_wrapper][fn:orr_log_vlm_image][ln:132] - VLM image not found at path: /home/ubuntu/local_data/Replica/office0/exps/s_detections_stride12/vis/frame001100annotated_for_vlm.jpg
[2025-01-31 11:18:46,507][WARNING][m:optional_rerun_wrapper][fn:orr_log_vlm_image][ln:132] - VLM image not found at path: /home/ubuntu/local_data/Replica/office0/exps/s_detections_stride12/vis/frame001100annotated_for_vlm_w_edges.jpg
[2025-01-31 11:18:46,922][DEBUG][m:optional_wandb_wrapper][fn:method][ln:139] - Skipping optional wandb call to 'log' because wandb usage is disabled.
[2025-01-31 11:18:46,982][DEBUG][m:optional_wandb_wrapper][fn:method][ln:139] - Skipping optional wandb call to 'log' because wandb usage is disabled.
[2025-01-31 11:18:46,982][DEBUG][m:optional_wandb_wrapper][fn:method][ln:139] - Skipping optional wandb call to 'log' because wandb usage is disabled.
[2025-01-31 11:18:47,012][DEBUG][m:PngImagePlugin][fn:call][ln:198] - STREAM b'IHDR' 16 13
[2025-01-31 11:18:47,012][DEBUG][m:PngImagePlugin][fn:call][ln:198] - STREAM b'IDAT' 41 8192
[2025-01-31 11:18:47,012][DEBUG][m:PngImagePlugin][fn:call][ln:198] - STREAM b'IHDR' 16 13
[2025-01-31 11:18:47,012][DEBUG][m:PngImagePlugin][fn:call][ln:198] - STREAM b'IDAT' 41 8192
[2025-01-31 11:18:47,028][DEBUG][m:Image][fn:close][ln:637] - Error closing: Operation on closed image
[2025-01-31 11:18:48,218][WARNING][m:optional_rerun_wrapper][fn:orr_log_vlm_image][ln:132] - VLM image not found at path: /home/ubuntu/local_data/Replica/office0/exps/s_detections_stride12/vis/frame001110annotated_for_vlm.jpg
[2025-01-31 11:18:48,219][WARNING][m:optional_rerun_wrapper][fn:orr_log_vlm_image][ln:132] - VLM image not found at path: /home/ubuntu/local_data/Replica/office0/exps/s_detections_stride12/vis/frame001110annotated_for_vlm_w_edges.jpg
[2025-01-31 11:18:48,706][DEBUG][m:optional_wandb_wrapper][fn:method][ln:139] - Skipping optional wandb call to 'log' because wandb usage is disabled.
[2025-01-31 11:18:48,766][DEBUG][m:optional_wandb_wrapper][fn:method][ln:139] - Skipping optional wandb call to 'log' because wandb usage is disabled.
[2025-01-31 11:18:48,767][DEBUG][m:optional_wandb_wrapper][fn:method][ln:139] - Skipping optional wandb call to 'log' because wandb usage is disabled.
[2025-01-31 11:18:48,793][DEBUG][m:PngImagePlugin][fn:call][ln:198] - STREAM b'IHDR' 16 13
[2025-01-31 11:18:48,793][DEBUG][m:PngImagePlugin][fn:call][ln:198] - STREAM b'IDAT' 41 8192
[2025-01-31 11:18:48,793][DEBUG][m:PngImagePlugin][fn:call][ln:198] - STREAM b'IHDR' 16 13
[2025-01-31 11:18:48,794][DEBUG][m:PngImagePlugin][fn:call][ln:198] - STREAM b'IDAT' 41 8192
[2025-01-31 11:18:48,808][DEBUG][m:Image][fn:close][ln:637] - Error closing: Operation on closed image
[2025-01-31 11:18:50,023][WARNING][m:optional_rerun_wrapper][fn:orr_log_vlm_image][ln:132] - VLM image not found at path: /home/ubuntu/local_data/Replica/office0/exps/s_detections_stride12/vis/frame001120annotated_for_vlm.jpg
[2025-01-31 11:18:50,023][WARNING][m:optional_rerun_wrapper][fn:orr_log_vlm_image][ln:132] - VLM image not found at path: /home/ubuntu/local_data/Replica/office0/exps/s_detections_stride12/vis/frame001120annotated_for_vlm_w_edges.jpg
[2025-01-31 11:18:50,503][DEBUG][m:optional_wandb_wrapper][fn:method][ln:139] - Skipping optional wandb call to 'log' because wandb usage is disabled.
[2025-01-31 11:18:50,564][DEBUG][m:optional_wandb_wrapper][fn:method][ln:139] - Skipping optional wandb call to 'log' because wandb usage is disabled.
[2025-01-31 11:18:50,564][DEBUG][m:optional_wandb_wrapper][fn:method][ln:139] - Skipping optional wandb call to 'log' because wandb usage is disabled.
[2025-01-31 11:18:50,595][DEBUG][m:PngImagePlugin][fn:call][ln:198] - STREAM b'IHDR' 16 13
[2025-01-31 11:18:50,595][DEBUG][m:PngImagePlugin][fn:call][ln:198] - STREAM b'IDAT' 41 8192
[2025-01-31 11:18:50,595][DEBUG][m:PngImagePlugin][fn:call][ln:198] - STREAM b'IHDR' 16 13
[2025-01-31 11:18:50,595][DEBUG][m:PngImagePlugin][fn:call][ln:198] - STREAM b'IDAT' 41 8192
[2025-01-31 11:18:50,611][DEBUG][m:Image][fn:close][ln:637] - Error closing: Operation on closed image
[2025-01-31 11:18:51,698][WARNING][m:optional_rerun_wrapper][fn:orr_log_vlm_image][ln:132] - VLM image not found at path: /home/ubuntu/local_data/Replica/office0/exps/s_detections_stride12/vis/frame001130annotated_for_vlm.jpg
[2025-01-31 11:18:51,699][WARNING][m:optional_rerun_wrapper][fn:orr_log_vlm_image][ln:132] - VLM image not found at path: /home/ubuntu/local_data/Replica/office0/exps/s_detections_stride12/vis/frame001130annotated_for_vlm_w_edges.jpg
[2025-01-31 11:18:52,075][DEBUG][m:optional_wandb_wrapper][fn:method][ln:139] - Skipping optional wandb call to 'log' because wandb usage is disabled.
[2025-01-31 11:18:52,142][DEBUG][m:optional_wandb_wrapper][fn:method][ln:139] - Skipping optional wandb call to 'log' because wandb usage is disabled.
[2025-01-31 11:18:52,142][DEBUG][m:optional_wandb_wrapper][fn:method][ln:139] - Skipping optional wandb call to 'log' because wandb usage is disabled.
[2025-01-31 11:18:52,172][DEBUG][m:PngImagePlugin][fn:call][ln:198] - STREAM b'IHDR' 16 13
[2025-01-31 11:18:52,173][DEBUG][m:PngImagePlugin][fn:call][ln:198] - STREAM b'IDAT' 41 8192
[2025-01-31 11:18:52,173][DEBUG][m:PngImagePlugin][fn:call][ln:198] - STREAM b'IHDR' 16 13
[2025-01-31 11:18:52,173][DEBUG][m:PngImagePlugin][fn:call][ln:198] - STREAM b'IDAT' 41 8192
[2025-01-31 11:18:52,189][DEBUG][m:Image][fn:close][ln:637] - Error closing: Operation on closed image
[2025-01-31 11:18:53,366][WARNING][m:optional_rerun_wrapper][fn:orr_log_vlm_image][ln:132] - VLM image not found at path: /home/ubuntu/local_data/Replica/office0/exps/s_detections_stride12/vis/frame001140annotated_for_vlm.jpg
[2025-01-31 11:18:53,366][WARNING][m:optional_rerun_wrapper][fn:orr_log_vlm_image][ln:132] - VLM image not found at path: /home/ubuntu/local_data/Replica/office0/exps/s_detections_stride12/vis/frame001140annotated_for_vlm_w_edges.jpg
[2025-01-31 11:18:53,876][DEBUG][m:optional_wandb_wrapper][fn:method][ln:139] - Skipping optional wandb call to 'log' because wandb usage is disabled.
[2025-01-31 11:18:53,877][DEBUG][m:utils][fn:denoise_objects][ln:663] - Starting denoising with 23 objects
[2025-01-31 11:18:53,909][DEBUG][m:utils][fn:denoise_objects][ln:685] - Finished denoising object 0 out of 23
[2025-01-31 11:18:53,909][DEBUG][m:utils][fn:denoise_objects][ln:690] - before denoising: 3038, after denoising: 3038
[2025-01-31 11:18:53,948][DEBUG][m:utils][fn:denoise_objects][ln:685] - Finished denoising object 1 out of 23
[2025-01-31 11:18:53,948][DEBUG][m:utils][fn:denoise_objects][ln:690] - before denoising: 3476, after denoising: 3475
[2025-01-31 11:18:54,013][DEBUG][m:utils][fn:denoise_objects][ln:685] - Finished denoising object 2 out of 23
[2025-01-31 11:18:54,013][DEBUG][m:utils][fn:denoise_objects][ln:690] - before denoising: 5937, after denoising: 5936
[2025-01-31 11:18:54,206][DEBUG][m:utils][fn:denoise_objects][ln:685] - Finished denoising object 3 out of 23
[2025-01-31 11:18:54,206][DEBUG][m:utils][fn:denoise_objects][ln:690] - before denoising: 20582, after denoising: 20582
[2025-01-31 11:18:54,502][DEBUG][m:utils][fn:denoise_objects][ln:685] - Finished denoising object 4 out of 23
[2025-01-31 11:18:54,502][DEBUG][m:utils][fn:denoise_objects][ln:690] - before denoising: 26493, after denoising: 26493
[2025-01-31 11:18:54,503][DEBUG][m:utils][fn:denoise_objects][ln:685] - Finished denoising object 5 out of 23
[2025-01-31 11:18:54,504][DEBUG][m:utils][fn:denoise_objects][ln:690] - before denoising: 123, after denoising: 123
[2025-01-31 11:18:54,588][DEBUG][m:utils][fn:denoise_objects][ln:685] - Finished denoising object 6 out of 23
[2025-01-31 11:18:54,588][DEBUG][m:utils][fn:denoise_objects][ln:690] - before denoising: 6794, after denoising: 6794
[2025-01-31 11:18:54,593][DEBUG][m:utils][fn:denoise_objects][ln:685] - Finished denoising object 7 out of 23
[2025-01-31 11:18:54,593][DEBUG][m:utils][fn:denoise_objects][ln:690] - before denoising: 543, after denoising: 543
[2025-01-31 11:18:54,606][DEBUG][m:utils][fn:denoise_objects][ln:685] - Finished denoising object 8 out of 23
[2025-01-31 11:18:54,607][DEBUG][m:utils][fn:denoise_objects][ln:690] - before denoising: 1182, after denoising: 1182
[2025-01-31 11:18:54,686][DEBUG][m:utils][fn:denoise_objects][ln:685] - Finished denoising object 9 out of 23
[2025-01-31 11:18:54,686][DEBUG][m:utils][fn:denoise_objects][ln:690] - before denoising: 6288, after denoising: 6287
[2025-01-31 11:18:54,970][DEBUG][m:utils][fn:denoise_objects][ln:685] - Finished denoising object 10 out of 23
[2025-01-31 11:18:54,970][DEBUG][m:utils][fn:denoise_objects][ln:690] - before denoising: 26293, after denoising: 26291
[2025-01-31 11:18:55,305][DEBUG][m:utils][fn:denoise_objects][ln:685] - Finished denoising object 11 out of 23
[2025-01-31 11:18:55,305][DEBUG][m:utils][fn:denoise_objects][ln:690] - before denoising: 33683, after denoising: 33683
[2025-01-31 11:18:55,337][DEBUG][m:utils][fn:denoise_objects][ln:685] - Finished denoising object 12 out of 23
[2025-01-31 11:18:55,337][DEBUG][m:utils][fn:denoise_objects][ln:690] - before denoising: 3157, after denoising: 3157
[2025-01-31 11:18:55,342][DEBUG][m:utils][fn:denoise_objects][ln:685] - Finished denoising object 13 out of 23
[2025-01-31 11:18:55,343][DEBUG][m:utils][fn:denoise_objects][ln:690] - before denoising: 706, after denoising: 706
[2025-01-31 11:18:55,465][DEBUG][m:utils][fn:denoise_objects][ln:685] - Finished denoising object 14 out of 23
[2025-01-31 11:18:55,465][DEBUG][m:utils][fn:denoise_objects][ln:690] - before denoising: 10700, after denoising: 10700
[2025-01-31 11:18:55,478][DEBUG][m:utils][fn:denoise_objects][ln:685] - Finished denoising object 15 out of 23
[2025-01-31 11:18:55,478][DEBUG][m:utils][fn:denoise_objects][ln:690] - before denoising: 4875, after denoising: 4875
[2025-01-31 11:18:55,499][DEBUG][m:utils][fn:denoise_objects][ln:685] - Finished denoising object 16 out of 23
[2025-01-31 11:18:55,499][DEBUG][m:utils][fn:denoise_objects][ln:690] - before denoising: 1963, after denoising: 1963
[2025-01-31 11:18:55,547][DEBUG][m:utils][fn:denoise_objects][ln:685] - Finished denoising object 17 out of 23
[2025-01-31 11:18:55,547][DEBUG][m:utils][fn:denoise_objects][ln:690] - before denoising: 4308, after denoising: 4308
[2025-01-31 11:18:55,548][DEBUG][m:utils][fn:denoise_objects][ln:685] - Finished denoising object 18 out of 23
[2025-01-31 11:18:55,548][DEBUG][m:utils][fn:denoise_objects][ln:690] - before denoising: 37, after denoising: 37
[2025-01-31 11:18:55,883][DEBUG][m:utils][fn:denoise_objects][ln:685] - Finished denoising object 19 out of 23
[2025-01-31 11:18:55,883][DEBUG][m:utils][fn:denoise_objects][ln:690] - before denoising: 26474, after denoising: 26474
[2025-01-31 11:18:56,338][DEBUG][m:utils][fn:denoise_objects][ln:685] - Finished denoising object 20 out of 23
[2025-01-31 11:18:56,338][DEBUG][m:utils][fn:denoise_objects][ln:690] - before denoising: 39948, after denoising: 39948
[2025-01-31 11:18:56,357][DEBUG][m:utils][fn:denoise_objects][ln:685] - Finished denoising object 21 out of 23
[2025-01-31 11:18:56,358][DEBUG][m:utils][fn:denoise_objects][ln:690] - before denoising: 2074, after denoising: 2074
[2025-01-31 11:18:56,359][DEBUG][m:utils][fn:denoise_objects][ln:685] - Finished denoising object 22 out of 23
[2025-01-31 11:18:56,359][DEBUG][m:utils][fn:denoise_objects][ln:690] - before denoising: 297, after denoising: 270
[2025-01-31 11:18:56,359][DEBUG][m:utils][fn:denoise_objects][ln:691] - Finished denoising with 23 objects
[2025-01-31 11:18:56,849][DEBUG][m:optional_wandb_wrapper][fn:method][ln:139] - Skipping optional wandb call to 'log' because wandb usage is disabled.
[2025-01-31 11:18:56,849][DEBUG][m:optional_wandb_wrapper][fn:method][ln:139] - Skipping optional wandb call to 'log' because wandb usage is disabled.
[2025-01-31 11:18:56,884][DEBUG][m:PngImagePlugin][fn:call][ln:198] - STREAM b'IHDR' 16 13
[2025-01-31 11:18:56,884][DEBUG][m:PngImagePlugin][fn:call][ln:198] - STREAM b'IDAT' 41 8192
[2025-01-31 11:18:56,884][DEBUG][m:PngImagePlugin][fn:call][ln:198] - STREAM b'IHDR' 16 13
[2025-01-31 11:18:56,884][DEBUG][m:PngImagePlugin][fn:call][ln:198] - STREAM b'IDAT' 41 8192
[2025-01-31 11:18:56,897][DEBUG][m:Image][fn:close][ln:637] - Error closing: Operation on closed image
[2025-01-31 11:18:58,229][WARNING][m:optional_rerun_wrapper][fn:orr_log_vlm_image][ln:132] - VLM image not found at path: /home/ubuntu/local_data/Replica/office0/exps/s_detections_stride12/vis/frame001150annotated_for_vlm.jpg
[2025-01-31 11:18:58,229][WARNING][m:optional_rerun_wrapper][fn:orr_log_vlm_image][ln:132] - VLM image not found at path: /home/ubuntu/local_data/Replica/office0/exps/s_detections_stride12/vis/frame001150annotated_for_vlm_w_edges.jpg
[2025-01-31 11:18:58,743][DEBUG][m:optional_wandb_wrapper][fn:method][ln:139] - Skipping optional wandb call to 'log' because wandb usage is disabled.
[2025-01-31 11:18:58,801][DEBUG][m:optional_wandb_wrapper][fn:method][ln:139] - Skipping optional wandb call to 'log' because wandb usage is disabled.
[2025-01-31 11:18:58,801][DEBUG][m:optional_wandb_wrapper][fn:method][ln:139] - Skipping optional wandb call to 'log' because wandb usage is disabled.
[2025-01-31 11:18:58,834][DEBUG][m:PngImagePlugin][fn:call][ln:198] - STREAM b'IHDR' 16 13
[2025-01-31 11:18:58,834][DEBUG][m:PngImagePlugin][fn:call][ln:198] - STREAM b'IDAT' 41 8192
[2025-01-31 11:18:58,834][DEBUG][m:PngImagePlugin][fn:call][ln:198] - STREAM b'IHDR' 16 13
[2025-01-31 11:18:58,834][DEBUG][m:PngImagePlugin][fn:call][ln:198] - STREAM b'IDAT' 41 8192
[2025-01-31 11:18:58,848][DEBUG][m:Image][fn:close][ln:637] - Error closing: Operation on closed image
[2025-01-31 11:19:00,454][WARNING][m:optional_rerun_wrapper][fn:orr_log_vlm_image][ln:132] - VLM image not found at path: /home/ubuntu/local_data/Replica/office0/exps/s_detections_stride12/vis/frame001160annotated_for_vlm.jpg
[2025-01-31 11:19:00,454][WARNING][m:optional_rerun_wrapper][fn:orr_log_vlm_image][ln:132] - VLM image not found at path: /home/ubuntu/local_data/Replica/office0/exps/s_detections_stride12/vis/frame001160annotated_for_vlm_w_edges.jpg
[2025-01-31 11:19:00,920][DEBUG][m:optional_wandb_wrapper][fn:method][ln:139] - Skipping optional wandb call to 'log' because wandb usage is disabled.
[2025-01-31 11:19:00,985][DEBUG][m:optional_wandb_wrapper][fn:method][ln:139] - Skipping optional wandb call to 'log' because wandb usage is disabled.
[2025-01-31 11:19:00,985][DEBUG][m:optional_wandb_wrapper][fn:method][ln:139] - Skipping optional wandb call to 'log' because wandb usage is disabled.
[2025-01-31 11:19:01,013][DEBUG][m:PngImagePlugin][fn:call][ln:198] - STREAM b'IHDR' 16 13
[2025-01-31 11:19:01,013][DEBUG][m:PngImagePlugin][fn:call][ln:198] - STREAM b'IDAT' 41 8192
[2025-01-31 11:19:01,014][DEBUG][m:PngImagePlugin][fn:call][ln:198] - STREAM b'IHDR' 16 13
[2025-01-31 11:19:01,014][DEBUG][m:PngImagePlugin][fn:call][ln:198] - STREAM b'IDAT' 41 8192
[2025-01-31 11:19:01,026][DEBUG][m:Image][fn:close][ln:637] - Error closing: Operation on closed image
[2025-01-31 11:19:02,708][WARNING][m:optional_rerun_wrapper][fn:orr_log_vlm_image][ln:132] - VLM image not found at path: /home/ubuntu/local_data/Replica/office0/exps/s_detections_stride12/vis/frame001170annotated_for_vlm.jpg
[2025-01-31 11:19:02,708][WARNING][m:optional_rerun_wrapper][fn:orr_log_vlm_image][ln:132] - VLM image not found at path: /home/ubuntu/local_data/Replica/office0/exps/s_detections_stride12/vis/frame001170annotated_for_vlm_w_edges.jpg
[2025-01-31 11:19:03,586][DEBUG][m:optional_wandb_wrapper][fn:method][ln:139] - Skipping optional wandb call to 'log' because wandb usage is disabled.
[2025-01-31 11:19:03,648][DEBUG][m:optional_wandb_wrapper][fn:method][ln:139] - Skipping optional wandb call to 'log' because wandb usage is disabled.
[2025-01-31 11:19:03,648][DEBUG][m:optional_wandb_wrapper][fn:method][ln:139] - Skipping optional wandb call to 'log' because wandb usage is disabled.
[2025-01-31 11:19:03,679][DEBUG][m:PngImagePlugin][fn:call][ln:198] - STREAM b'IHDR' 16 13
[2025-01-31 11:19:03,679][DEBUG][m:PngImagePlugin][fn:call][ln:198] - STREAM b'IDAT' 41 8192
[2025-01-31 11:19:03,679][DEBUG][m:PngImagePlugin][fn:call][ln:198] - STREAM b'IHDR' 16 13
[2025-01-31 11:19:03,679][DEBUG][m:PngImagePlugin][fn:call][ln:198] - STREAM b'IDAT' 41 8192
[2025-01-31 11:19:03,694][DEBUG][m:Image][fn:close][ln:637] - Error closing: Operation on closed image
[2025-01-31 11:19:04,722][WARNING][m:optional_rerun_wrapper][fn:orr_log_vlm_image][ln:132] - VLM image not found at path: /home/ubuntu/local_data/Replica/office0/exps/s_detections_stride12/vis/frame001180annotated_for_vlm.jpg
[2025-01-31 11:19:04,722][WARNING][m:optional_rerun_wrapper][fn:orr_log_vlm_image][ln:132] - VLM image not found at path: /home/ubuntu/local_data/Replica/office0/exps/s_detections_stride12/vis/frame001180annotated_for_vlm_w_edges.jpg
[2025-01-31 11:19:05,217][DEBUG][m:optional_wandb_wrapper][fn:method][ln:139] - Skipping optional wandb call to 'log' because wandb usage is disabled.
[2025-01-31 11:19:05,278][DEBUG][m:optional_wandb_wrapper][fn:method][ln:139] - Skipping optional wandb call to 'log' because wandb usage is disabled.
[2025-01-31 11:19:05,278][DEBUG][m:optional_wandb_wrapper][fn:method][ln:139] - Skipping optional wandb call to 'log' because wandb usage is disabled.
[2025-01-31 11:19:05,309][DEBUG][m:PngImagePlugin][fn:call][ln:198] - STREAM b'IHDR' 16 13
[2025-01-31 11:19:05,310][DEBUG][m:PngImagePlugin][fn:call][ln:198] - STREAM b'IDAT' 41 8192
[2025-01-31 11:19:05,310][DEBUG][m:PngImagePlugin][fn:call][ln:198] - STREAM b'IHDR' 16 13
[2025-01-31 11:19:05,310][DEBUG][m:PngImagePlugin][fn:call][ln:198] - STREAM b'IDAT' 41 8192
[2025-01-31 11:19:05,323][DEBUG][m:Image][fn:close][ln:637] - Error closing: Operation on closed image
[2025-01-31 11:19:06,937][WARNING][m:optional_rerun_wrapper][fn:orr_log_vlm_image][ln:132] - VLM image not found at path: /home/ubuntu/local_data/Replica/office0/exps/s_detections_stride12/vis/frame001190annotated_for_vlm.jpg
[2025-01-31 11:19:06,937][WARNING][m:optional_rerun_wrapper][fn:orr_log_vlm_image][ln:132] - VLM image not found at path: /home/ubuntu/local_data/Replica/office0/exps/s_detections_stride12/vis/frame001190annotated_for_vlm_w_edges.jpg
[2025-01-31 11:19:07,849][DEBUG][m:optional_wandb_wrapper][fn:method][ln:139] - Skipping optional wandb call to 'log' because wandb usage is disabled.
[2025-01-31 11:19:07,849][DEBUG][m:utils][fn:denoise_objects][ln:663] - Starting denoising with 24 objects
[2025-01-31 11:19:07,881][DEBUG][m:utils][fn:denoise_objects][ln:685] - Finished denoising object 0 out of 24
[2025-01-31 11:19:07,881][DEBUG][m:utils][fn:denoise_objects][ln:690] - before denoising: 3120, after denoising: 3120
[2025-01-31 11:19:07,919][DEBUG][m:utils][fn:denoise_objects][ln:685] - Finished denoising object 1 out of 24
[2025-01-31 11:19:07,919][DEBUG][m:utils][fn:denoise_objects][ln:690] - before denoising: 3528, after denoising: 3465
[2025-01-31 11:19:07,992][DEBUG][m:utils][fn:denoise_objects][ln:685] - Finished denoising object 2 out of 24
[2025-01-31 11:19:07,992][DEBUG][m:utils][fn:denoise_objects][ln:690] - before denoising: 6293, after denoising: 6293
[2025-01-31 11:19:08,273][DEBUG][m:utils][fn:denoise_objects][ln:685] - Finished denoising object 3 out of 24
[2025-01-31 11:19:08,274][DEBUG][m:utils][fn:denoise_objects][ln:690] - before denoising: 24863, after denoising: 24863
[2025-01-31 11:19:08,574][DEBUG][m:utils][fn:denoise_objects][ln:685] - Finished denoising object 4 out of 24
[2025-01-31 11:19:08,575][DEBUG][m:utils][fn:denoise_objects][ln:690] - before denoising: 26493, after denoising: 26493
[2025-01-31 11:19:08,576][DEBUG][m:utils][fn:denoise_objects][ln:685] - Finished denoising object 5 out of 24
[2025-01-31 11:19:08,576][DEBUG][m:utils][fn:denoise_objects][ln:690] - before denoising: 123, after denoising: 123
[2025-01-31 11:19:08,669][DEBUG][m:utils][fn:denoise_objects][ln:685] - Finished denoising object 6 out of 24
[2025-01-31 11:19:08,669][DEBUG][m:utils][fn:denoise_objects][ln:690] - before denoising: 7176, after denoising: 7176
[2025-01-31 11:19:08,674][DEBUG][m:utils][fn:denoise_objects][ln:685] - Finished denoising object 7 out of 24
[2025-01-31 11:19:08,674][DEBUG][m:utils][fn:denoise_objects][ln:690] - before denoising: 543, after denoising: 543
[2025-01-31 11:19:08,692][DEBUG][m:utils][fn:denoise_objects][ln:685] - Finished denoising object 8 out of 24
[2025-01-31 11:19:08,692][DEBUG][m:utils][fn:denoise_objects][ln:690] - before denoising: 1285, after denoising: 1276
[2025-01-31 11:19:08,768][DEBUG][m:utils][fn:denoise_objects][ln:685] - Finished denoising object 9 out of 24
[2025-01-31 11:19:08,769][DEBUG][m:utils][fn:denoise_objects][ln:690] - before denoising: 6245, after denoising: 6245
[2025-01-31 11:19:09,060][DEBUG][m:utils][fn:denoise_objects][ln:685] - Finished denoising object 10 out of 24
[2025-01-31 11:19:09,060][DEBUG][m:utils][fn:denoise_objects][ln:690] - before denoising: 26291, after denoising: 26291
[2025-01-31 11:19:09,393][DEBUG][m:utils][fn:denoise_objects][ln:685] - Finished denoising object 11 out of 24
[2025-01-31 11:19:09,393][DEBUG][m:utils][fn:denoise_objects][ln:690] - before denoising: 33683, after denoising: 33683
[2025-01-31 11:19:09,427][DEBUG][m:utils][fn:denoise_objects][ln:685] - Finished denoising object 12 out of 24
[2025-01-31 11:19:09,427][DEBUG][m:utils][fn:denoise_objects][ln:690] - before denoising: 3289, after denoising: 3280
[2025-01-31 11:19:09,432][DEBUG][m:utils][fn:denoise_objects][ln:685] - Finished denoising object 13 out of 24
[2025-01-31 11:19:09,432][DEBUG][m:utils][fn:denoise_objects][ln:690] - before denoising: 706, after denoising: 706
[2025-01-31 11:19:09,558][DEBUG][m:utils][fn:denoise_objects][ln:685] - Finished denoising object 14 out of 24
[2025-01-31 11:19:09,558][DEBUG][m:utils][fn:denoise_objects][ln:690] - before denoising: 10923, after denoising: 10921
[2025-01-31 11:19:09,570][DEBUG][m:utils][fn:denoise_objects][ln:685] - Finished denoising object 15 out of 24
[2025-01-31 11:19:09,570][DEBUG][m:utils][fn:denoise_objects][ln:690] - before denoising: 4875, after denoising: 4875
[2025-01-31 11:19:09,592][DEBUG][m:utils][fn:denoise_objects][ln:685] - Finished denoising object 16 out of 24
[2025-01-31 11:19:09,592][DEBUG][m:utils][fn:denoise_objects][ln:690] - before denoising: 1963, after denoising: 1963
[2025-01-31 11:19:09,639][DEBUG][m:utils][fn:denoise_objects][ln:685] - Finished denoising object 17 out of 24
[2025-01-31 11:19:09,639][DEBUG][m:utils][fn:denoise_objects][ln:690] - before denoising: 4308, after denoising: 4308
[2025-01-31 11:19:09,639][DEBUG][m:utils][fn:denoise_objects][ln:685] - Finished denoising object 18 out of 24
[2025-01-31 11:19:09,639][DEBUG][m:utils][fn:denoise_objects][ln:690] - before denoising: 37, after denoising: 37
[2025-01-31 11:19:10,017][DEBUG][m:utils][fn:denoise_objects][ln:685] - Finished denoising object 19 out of 24
[2025-01-31 11:19:10,017][DEBUG][m:utils][fn:denoise_objects][ln:690] - before denoising: 26953, after denoising: 26953
[2025-01-31 11:19:10,513][DEBUG][m:utils][fn:denoise_objects][ln:685] - Finished denoising object 20 out of 24
[2025-01-31 11:19:10,513][DEBUG][m:utils][fn:denoise_objects][ln:690] - before denoising: 39948, after denoising: 39948
[2025-01-31 11:19:10,537][DEBUG][m:utils][fn:denoise_objects][ln:685] - Finished denoising object 21 out of 24
[2025-01-31 11:19:10,537][DEBUG][m:utils][fn:denoise_objects][ln:690] - before denoising: 2074, after denoising: 2074
[2025-01-31 11:19:10,539][DEBUG][m:utils][fn:denoise_objects][ln:685] - Finished denoising object 22 out of 24
[2025-01-31 11:19:10,539][DEBUG][m:utils][fn:denoise_objects][ln:690] - before denoising: 270, after denoising: 270
[2025-01-31 11:19:10,556][DEBUG][m:utils][fn:denoise_objects][ln:685] - Finished denoising object 23 out of 24
[2025-01-31 11:19:10,557][DEBUG][m:utils][fn:denoise_objects][ln:690] - before denoising: 4897, after denoising: 4897
[2025-01-31 11:19:10,557][DEBUG][m:utils][fn:denoise_objects][ln:691] - Finished denoising with 24 objects
[2025-01-31 11:19:11,191][DEBUG][m:optional_wandb_wrapper][fn:method][ln:139] - Skipping optional wandb call to 'log' because wandb usage is disabled.
[2025-01-31 11:19:11,193][DEBUG][m:optional_wandb_wrapper][fn:method][ln:139] - Skipping optional wandb call to 'log' because wandb usage is disabled.
[2025-01-31 11:19:11,225][DEBUG][m:PngImagePlugin][fn:call][ln:198] - STREAM b'IHDR' 16 13
[2025-01-31 11:19:11,225][DEBUG][m:PngImagePlugin][fn:call][ln:198] - STREAM b'IDAT' 41 8192
[2025-01-31 11:19:11,225][DEBUG][m:PngImagePlugin][fn:call][ln:198] - STREAM b'IHDR' 16 13
[2025-01-31 11:19:11,225][DEBUG][m:PngImagePlugin][fn:call][ln:198] - STREAM b'IDAT' 41 8192
[2025-01-31 11:19:11,241][DEBUG][m:Image][fn:close][ln:637] - Error closing: Operation on closed image
[2025-01-31 11:19:12,931][WARNING][m:optional_rerun_wrapper][fn:orr_log_vlm_image][ln:132] - VLM image not found at path: /home/ubuntu/local_data/Replica/office0/exps/s_detections_stride12/vis/frame001200annotated_for_vlm.jpg
[2025-01-31 11:19:12,931][WARNING][m:optional_rerun_wrapper][fn:orr_log_vlm_image][ln:132] - VLM image not found at path: /home/ubuntu/local_data/Replica/office0/exps/s_detections_stride12/vis/frame001200annotated_for_vlm_w_edges.jpg
[2025-01-31 11:19:13,680][DEBUG][m:optional_wandb_wrapper][fn:method][ln:139] - Skipping optional wandb call to 'log' because wandb usage is disabled.
[2025-01-31 11:19:13,749][DEBUG][m:optional_wandb_wrapper][fn:method][ln:139] - Skipping optional wandb call to 'log' because wandb usage is disabled.
[2025-01-31 11:19:13,749][DEBUG][m:optional_wandb_wrapper][fn:method][ln:139] - Skipping optional wandb call to 'log' because wandb usage is disabled.
[2025-01-31 11:19:13,779][DEBUG][m:PngImagePlugin][fn:call][ln:198] - STREAM b'IHDR' 16 13
[2025-01-31 11:19:13,779][DEBUG][m:PngImagePlugin][fn:call][ln:198] - STREAM b'IDAT' 41 8192
[2025-01-31 11:19:13,779][DEBUG][m:PngImagePlugin][fn:call][ln:198] - STREAM b'IHDR' 16 13
[2025-01-31 11:19:13,779][DEBUG][m:PngImagePlugin][fn:call][ln:198] - STREAM b'IDAT' 41 8192
[2025-01-31 11:19:13,792][DEBUG][m:Image][fn:close][ln:637] - Error closing: Operation on closed image
[2025-01-31 11:19:14,969][WARNING][m:optional_rerun_wrapper][fn:orr_log_vlm_image][ln:132] - VLM image not found at path: /home/ubuntu/local_data/Replica/office0/exps/s_detections_stride12/vis/frame001210annotated_for_vlm.jpg
[2025-01-31 11:19:14,969][WARNING][m:optional_rerun_wrapper][fn:orr_log_vlm_image][ln:132] - VLM image not found at path: /home/ubuntu/local_data/Replica/office0/exps/s_detections_stride12/vis/frame001210annotated_for_vlm_w_edges.jpg
[2025-01-31 11:19:15,691][DEBUG][m:optional_wandb_wrapper][fn:method][ln:139] - Skipping optional wandb call to 'log' because wandb usage is disabled.
[2025-01-31 11:19:15,760][DEBUG][m:optional_wandb_wrapper][fn:method][ln:139] - Skipping optional wandb call to 'log' because wandb usage is disabled.
[2025-01-31 11:19:15,760][DEBUG][m:optional_wandb_wrapper][fn:method][ln:139] - Skipping optional wandb call to 'log' because wandb usage is disabled.
[2025-01-31 11:19:15,790][DEBUG][m:PngImagePlugin][fn:call][ln:198] - STREAM b'IHDR' 16 13
[2025-01-31 11:19:15,791][DEBUG][m:PngImagePlugin][fn:call][ln:198] - STREAM b'IDAT' 41 8192
[2025-01-31 11:19:15,791][DEBUG][m:PngImagePlugin][fn:call][ln:198] - STREAM b'IHDR' 16 13
[2025-01-31 11:19:15,791][DEBUG][m:PngImagePlugin][fn:call][ln:198] - STREAM b'IDAT' 41 8192
[2025-01-31 11:19:15,804][DEBUG][m:Image][fn:close][ln:637] - Error closing: Operation on closed image
[2025-01-31 11:19:17,278][WARNING][m:optional_rerun_wrapper][fn:orr_log_vlm_image][ln:132] - VLM image not found at path: /home/ubuntu/local_data/Replica/office0/exps/s_detections_stride12/vis/frame001220annotated_for_vlm.jpg
[2025-01-31 11:19:17,278][WARNING][m:optional_rerun_wrapper][fn:orr_log_vlm_image][ln:132] - VLM image not found at path: /home/ubuntu/local_data/Replica/office0/exps/s_detections_stride12/vis/frame001220annotated_for_vlm_w_edges.jpg
[2025-01-31 11:19:18,100][DEBUG][m:optional_wandb_wrapper][fn:method][ln:139] - Skipping optional wandb call to 'log' because wandb usage is disabled.
[2025-01-31 11:19:18,163][DEBUG][m:optional_wandb_wrapper][fn:method][ln:139] - Skipping optional wandb call to 'log' because wandb usage is disabled.
[2025-01-31 11:19:18,164][DEBUG][m:optional_wandb_wrapper][fn:method][ln:139] - Skipping optional wandb call to 'log' because wandb usage is disabled.
[2025-01-31 11:19:18,191][DEBUG][m:PngImagePlugin][fn:call][ln:198] - STREAM b'IHDR' 16 13
[2025-01-31 11:19:18,191][DEBUG][m:PngImagePlugin][fn:call][ln:198] - STREAM b'IDAT' 41 8192
[2025-01-31 11:19:18,191][DEBUG][m:PngImagePlugin][fn:call][ln:198] - STREAM b'IHDR' 16 13
[2025-01-31 11:19:18,191][DEBUG][m:PngImagePlugin][fn:call][ln:198] - STREAM b'IDAT' 41 8192
[2025-01-31 11:19:18,205][DEBUG][m:Image][fn:close][ln:637] - Error closing: Operation on closed image
[2025-01-31 11:19:19,877][WARNING][m:optional_rerun_wrapper][fn:orr_log_vlm_image][ln:132] - VLM image not found at path: /home/ubuntu/local_data/Replica/office0/exps/s_detections_stride12/vis/frame001230annotated_for_vlm.jpg
[2025-01-31 11:19:19,877][WARNING][m:optional_rerun_wrapper][fn:orr_log_vlm_image][ln:132] - VLM image not found at path: /home/ubuntu/local_data/Replica/office0/exps/s_detections_stride12/vis/frame001230annotated_for_vlm_w_edges.jpg
[2025-01-31 11:19:20,678][DEBUG][m:optional_wandb_wrapper][fn:method][ln:139] - Skipping optional wandb call to 'log' because wandb usage is disabled.
[2025-01-31 11:19:20,748][DEBUG][m:optional_wandb_wrapper][fn:method][ln:139] - Skipping optional wandb call to 'log' because wandb usage is disabled.
[2025-01-31 11:19:20,748][DEBUG][m:optional_wandb_wrapper][fn:method][ln:139] - Skipping optional wandb call to 'log' because wandb usage is disabled.
[2025-01-31 11:19:20,777][DEBUG][m:PngImagePlugin][fn:call][ln:198] - STREAM b'IHDR' 16 13
[2025-01-31 11:19:20,777][DEBUG][m:PngImagePlugin][fn:call][ln:198] - STREAM b'IDAT' 41 8192
[2025-01-31 11:19:20,777][DEBUG][m:PngImagePlugin][fn:call][ln:198] - STREAM b'IHDR' 16 13
[2025-01-31 11:19:20,777][DEBUG][m:PngImagePlugin][fn:call][ln:198] - STREAM b'IDAT' 41 8192
[2025-01-31 11:19:20,793][DEBUG][m:Image][fn:close][ln:637] - Error closing: Operation on closed image
[2025-01-31 11:19:21,833][WARNING][m:optional_rerun_wrapper][fn:orr_log_vlm_image][ln:132] - VLM image not found at path: /home/ubuntu/local_data/Replica/office0/exps/s_detections_stride12/vis/frame001990annotated_for_vlm.jpg
[2025-01-31 11:19:21,833][WARNING][m:optional_rerun_wrapper][fn:orr_log_vlm_image][ln:132] - VLM image not found at path: /home/ubuntu/local_data/Replica/office0/exps/s_detections_stride12/vis/frame001990annotated_for_vlm_w_edges.jpg
[2025-01-31 11:19:22,160][DEBUG][m:optional_wandb_wrapper][fn:method][ln:139] - Skipping optional wandb call to 'log' because wandb usage is disabled.
[2025-01-31 11:19:22,161][DEBUG][m:utils][fn:denoise_objects][ln:663] - Starting denoising with 24 objects
[2025-01-31 11:19:22,196][DEBUG][m:utils][fn:denoise_objects][ln:685] - Finished denoising object 0 out of 24
[2025-01-31 11:19:22,196][DEBUG][m:utils][fn:denoise_objects][ln:690] - before denoising: 3097, after denoising: 3088
[2025-01-31 11:19:22,240][DEBUG][m:utils][fn:denoise_objects][ln:685] - Finished denoising object 1 out of 24
[2025-01-31 11:19:22,240][DEBUG][m:utils][fn:denoise_objects][ln:690] - before denoising: 3485, after denoising: 3460
[2025-01-31 11:19:22,341][DEBUG][m:utils][fn:denoise_objects][ln:685] - Finished denoising object 2 out of 24
[2025-01-31 11:19:22,341][DEBUG][m:utils][fn:denoise_objects][ln:690] - before denoising: 6608, after denoising: 6594
[2025-01-31 11:19:22,669][DEBUG][m:utils][fn:denoise_objects][ln:685] - Finished denoising object 3 out of 24
[2025-01-31 11:19:22,669][DEBUG][m:utils][fn:denoise_objects][ln:690] - before denoising: 26024, after denoising: 26024
[2025-01-31 11:19:23,006][DEBUG][m:utils][fn:denoise_objects][ln:685] - Finished denoising object 4 out of 24
[2025-01-31 11:19:23,007][DEBUG][m:utils][fn:denoise_objects][ln:690] - before denoising: 27204, after denoising: 27204
[2025-01-31 11:19:23,008][DEBUG][m:utils][fn:denoise_objects][ln:685] - Finished denoising object 5 out of 24
[2025-01-31 11:19:23,008][DEBUG][m:utils][fn:denoise_objects][ln:690] - before denoising: 123, after denoising: 123
[2025-01-31 11:19:23,085][DEBUG][m:utils][fn:denoise_objects][ln:685] - Finished denoising object 6 out of 24
[2025-01-31 11:19:23,085][DEBUG][m:utils][fn:denoise_objects][ln:690] - before denoising: 6487, after denoising: 6345
[2025-01-31 11:19:23,091][DEBUG][m:utils][fn:denoise_objects][ln:685] - Finished denoising object 7 out of 24
[2025-01-31 11:19:23,091][DEBUG][m:utils][fn:denoise_objects][ln:690] - before denoising: 543, after denoising: 543
[2025-01-31 11:19:23,112][DEBUG][m:utils][fn:denoise_objects][ln:685] - Finished denoising object 8 out of 24
[2025-01-31 11:19:23,113][DEBUG][m:utils][fn:denoise_objects][ln:690] - before denoising: 1394, after denoising: 1333
[2025-01-31 11:19:23,209][DEBUG][m:utils][fn:denoise_objects][ln:685] - Finished denoising object 9 out of 24
[2025-01-31 11:19:23,209][DEBUG][m:utils][fn:denoise_objects][ln:690] - before denoising: 6702, after denoising: 6696
[2025-01-31 11:19:23,547][DEBUG][m:utils][fn:denoise_objects][ln:685] - Finished denoising object 10 out of 24
[2025-01-31 11:19:23,547][DEBUG][m:utils][fn:denoise_objects][ln:690] - before denoising: 27078, after denoising: 27078
[2025-01-31 11:19:23,931][DEBUG][m:utils][fn:denoise_objects][ln:685] - Finished denoising object 11 out of 24
[2025-01-31 11:19:23,931][DEBUG][m:utils][fn:denoise_objects][ln:690] - before denoising: 35240, after denoising: 35240
[2025-01-31 11:19:23,967][DEBUG][m:utils][fn:denoise_objects][ln:685] - Finished denoising object 12 out of 24
[2025-01-31 11:19:23,967][DEBUG][m:utils][fn:denoise_objects][ln:690] - before denoising: 3316, after denoising: 3314
[2025-01-31 11:19:23,972][DEBUG][m:utils][fn:denoise_objects][ln:685] - Finished denoising object 13 out of 24
[2025-01-31 11:19:23,972][DEBUG][m:utils][fn:denoise_objects][ln:690] - before denoising: 706, after denoising: 706
[2025-01-31 11:19:24,113][DEBUG][m:utils][fn:denoise_objects][ln:685] - Finished denoising object 14 out of 24
[2025-01-31 11:19:24,114][DEBUG][m:utils][fn:denoise_objects][ln:690] - before denoising: 11269, after denoising: 11269
[2025-01-31 11:19:24,126][DEBUG][m:utils][fn:denoise_objects][ln:685] - Finished denoising object 15 out of 24
[2025-01-31 11:19:24,127][DEBUG][m:utils][fn:denoise_objects][ln:690] - before denoising: 4875, after denoising: 4875
[2025-01-31 11:19:24,148][DEBUG][m:utils][fn:denoise_objects][ln:685] - Finished denoising object 16 out of 24
[2025-01-31 11:19:24,148][DEBUG][m:utils][fn:denoise_objects][ln:690] - before denoising: 1963, after denoising: 1963
[2025-01-31 11:19:24,197][DEBUG][m:utils][fn:denoise_objects][ln:685] - Finished denoising object 17 out of 24
[2025-01-31 11:19:24,197][DEBUG][m:utils][fn:denoise_objects][ln:690] - before denoising: 4308, after denoising: 4308
[2025-01-31 11:19:24,197][DEBUG][m:utils][fn:denoise_objects][ln:685] - Finished denoising object 18 out of 24
[2025-01-31 11:19:24,198][DEBUG][m:utils][fn:denoise_objects][ln:690] - before denoising: 37, after denoising: 37
[2025-01-31 11:19:24,560][DEBUG][m:utils][fn:denoise_objects][ln:685] - Finished denoising object 19 out of 24
[2025-01-31 11:19:24,560][DEBUG][m:utils][fn:denoise_objects][ln:690] - before denoising: 27884, after denoising: 27884
[2025-01-31 11:19:25,021][DEBUG][m:utils][fn:denoise_objects][ln:685] - Finished denoising object 20 out of 24
[2025-01-31 11:19:25,022][DEBUG][m:utils][fn:denoise_objects][ln:690] - before denoising: 40048, after denoising: 40048
[2025-01-31 11:19:25,041][DEBUG][m:utils][fn:denoise_objects][ln:685] - Finished denoising object 21 out of 24
[2025-01-31 11:19:25,041][DEBUG][m:utils][fn:denoise_objects][ln:690] - before denoising: 2074, after denoising: 2074
[2025-01-31 11:19:25,043][DEBUG][m:utils][fn:denoise_objects][ln:685] - Finished denoising object 22 out of 24
[2025-01-31 11:19:25,043][DEBUG][m:utils][fn:denoise_objects][ln:690] - before denoising: 270, after denoising: 270
[2025-01-31 11:19:25,057][DEBUG][m:utils][fn:denoise_objects][ln:685] - Finished denoising object 23 out of 24
[2025-01-31 11:19:25,058][DEBUG][m:utils][fn:denoise_objects][ln:690] - before denoising: 4897, after denoising: 4897
[2025-01-31 11:19:25,058][DEBUG][m:utils][fn:denoise_objects][ln:691] - Finished denoising with 24 objects
[2025-01-31 11:19:25,596][DEBUG][m:optional_wandb_wrapper][fn:method][ln:139] - Skipping optional wandb call to 'log' because wandb usage is disabled.
[2025-01-31 11:19:25,597][DEBUG][m:optional_wandb_wrapper][fn:method][ln:139] - Skipping optional wandb call to 'log' because wandb usage is disabled.
[2025-01-31 11:21:54,322][DEBUG][m:optional_wandb_wrapper][fn:method][ln:139] - Skipping optional wandb call to 'finish' because wandb usage is disabled.
